mass;position_x;position_y;velocity_x;velocity_y
1e+24;-4.999999e+16;3e+16;280.0;307.7477911038827
1e+24;-4.999999376510198e+16;3.0000007818314824e+16;180.12275509923518;259.64944496325074
1e+24;-5.0000002225209336e+16;3.000000974927912e+16;155.4551127332519;151.57344221270787
1e+24;-5.000000900968868e+16;3.000000433883739e+16;224.57231073183863;64.90321727210005
1e+24;-5.000000900968868e+16;2.999999566116261e+16;335.4276892681614;64.90321727210005
1e+24;-5.0000002225209336e+16;2.999999025072088e+16;404.5448872667481;151.57344221270785
1e+24;-4.999999376510198e+16;2.9999992181685176e+16;379.8772449007648;259.6494449632507