mass;position_x;position_y;velocity_x;velocity_y
1e+24;-2.999999e+16;-3e+16;30.0;-332.65288819675277
1e+24;-2.9999996909830056e+16;-2.9999990489434836e+16;-72.09317018594272;-406.8279181557291
1e+24;-3.0000008090169944e+16;-2.9999994122147476e+16;-33.09704919414003;-526.8456377458946
1e+24;-3.0000008090169944e+16;-3.0000005877852524e+16;93.09704919414;-526.8456377458946
1e+24;-2.9999996909830056e+16;-3.0000009510565164e+16;132.0931701859427;-406.8279181557291