mass;position_x;position_y;velocity_x;velocity_y
1e+24;3.000001e+16;4e+16;400.0;-134.4408536026293
1e+24;3.000000766044443e+16;4.00000064278761e+16;312.8642603160864;-166.15566918834213
1e+24;3.0000001736481776e+16;4.000000984807753e+16;266.50030163615236;-246.46040126201194
1e+24;2.9999995e+16;4.000000866025404e+16;282.60233550454313;-337.77957319868534
1e+24;2.999999060307379e+16;4.000000342020143e+16;353.63604132006594;-397.3839295496459
1e+24;2.999999060307379e+16;3.999999657979857e+16;446.363958679934;-397.3839295496459
1e+24;2.9999995e+16;3.999999133974596e+16;517.3976644954568;-337.7795731986854
1e+24;3.0000001736481776e+16;3.999999015192247e+16;533.4996983638476;-246.460401262012
1e+24;3.000000766044443e+16;3.99999935721239e+16;487.1357396839136;-166.15566918834216