mass;position_x;position_y;velocity_x;velocity_y
1e+24;8.000001e+16;-3e+16;-200.0;631.7724140212213
1e+24;8.00000070710678e+16;-2.9999992928932188e+16;-286.10609971586143;596.1060997158614
1e+24;8e+16;-2.999999e+16;-321.7724140212213;510.0
1e+24;7.99999929289322e+16;-2.9999992928932188e+16;-286.10609971586143;423.8939002841386
1e+24;7.999999e+16;-3e+16;-200.00000000000003;388.2275859787787
1e+24;7.99999929289322e+16;-3.0000007071067812e+16;-113.89390028413861;423.89390028413857
1e+24;8e+16;-3.000001e+16;-78.22758597877869;510.0
1e+24;8.00000070710678e+16;-3.0000007071067812e+16;-113.89390028413858;596.1060997158613