mass;position_x;position_y;velocity_x;velocity_y
1e+24;2.000001e+16;-2e+16;300.0;-155.89517687808535
1e+24;2.000000623489802e+16;-1.9999992181685176e+16;210.7892569818411;-198.85680644059158
1e+24;1.999999777479066e+16;-1.999999025072088e+16;188.75602302387549;-295.3907118100085
1e+24;1.999999099031132e+16;-1.999999566116261e+16;250.49177269251607;-372.8048933103572
1e+24;1.999999099031132e+16;-2.000000433883739e+16;349.50822730748393;-372.8048933103572
1e+24;1.999999777479066e+16;-2.000000974927912e+16;411.2439769761245;-295.3907118100085
1e+24;2.000000623489802e+16;-2.0000007818314824e+16;389.2107430181589;-198.85680644059158