mass;position_x;position_y;velocity_x;velocity_y
1e+24;2.000001e+16;-7e+16;20.0;793.8627044363822
1e+24;2.000000766044443e+16;-6.99999935721239e+16;-85.32891610143399;755.5261141679381
1e+24;2.0000001736481776e+16;-6.999999015192247e+16;-141.37326175849714;658.4544600129526
1e+24;1.9999995e+16;-6.999999133974596e+16;-121.90926477472806;548.068647781809
1e+24;1.999999060307379e+16;-6.999999657979857e+16;-36.044345657063154;476.0194258191093
1e+24;1.999999060307379e+16;-7.000000342020143e+16;76.0443456570631;476.0194258191093
1e+24;1.9999995e+16;-7.000000866025404e+16;161.90926477472797;548.0686477818089
1e+24;2.0000001736481776e+16;-7.000000984807753e+16;181.37326175849714;658.4544600129525
1e+24;2.000000766044443e+16;-7.00000064278761e+16;125.32891610143403;755.5261141679381