mass;r_x;r_y;v_x;v_y
4.429585127509995E34;-2.806219418578544E29;-2.6889718746005664E29;-0.11463526097886056;0.11478835419442328
5.299208207903221E34;-3.0844595360947093E29;-2.411997769109974E29;-0.11617984841586727;0.14251824104278601
2.1965184515473224E33;-2.847494546964425E29;-2.513992890678553E29;-0.11853424256968294;0.1286882478165457
6.49116317779383E34;-2.9353459411283746E29;-2.4221271540693417E29;-0.1080612394422848;0.12550714884687084
