mass;r_x;r_y;v_x;v_y
2.839703734805746E34;-6.331650981668566E29;1.6659634025088303E29;0.04344501000837664;0.1689410009320216
6.157660091884067E34;-6.404027065767326E29;1.639083413776042E29;0.04792111841436115;0.1916924807194384
9.252806422658113E33;-6.0148687394611425E29;1.9114923089161546E29;0.04257341493805772;0.13642003900728022
