mass;r_x;r_y;v_x;v_y
4.959462823181973E34;-4.049604866386332E29;2.381796339382111E29;0.09494101876383709;0.16265105342619265
6.770230835315473E34;-3.578618954874795E29;2.6951755633684655E29;0.09107674847713709;0.12128648901904043
8.30474404189249E34;-3.737158932023022E29;2.4631403453347944E29;0.11280899447118728;0.1721130033049849
2.922406950820076E34;-3.7748477814875385E29;2.396581299967623E29;0.11061475497382575;0.17533780101525062
1.465778739179417E34;-3.8164591778233946E29;2.233593623980647E29;0.1708481897291173;0.2943197975062355
5.806884157323326E34;-3.649010666644678E29;2.2774192420342553E29;0.1517963288102494;0.24491857010352217
9.455902019460095E34;-3.8146249615294615E29;2.2804885880663356E29;0.10700070799808593;0.1803606929445967
3.114288750576573E34;-3.609797786110856E29;2.288341612086179E29;0.1216294558001117;0.19315240592460672
