mass;r_x;r_y;v_x;v_y
4.715220224104336E34;-2.617448381443291E29;3.2484216772364834E28;0.014191735529175346;0.13360886335276442
7.471427321056992E34;-2.5103503662519313E29;1.3669509660237343E28;0.005002800436185066;0.14685236770804425
2.0352811416220064E34;-2.6257320395757668E29;1.7171752665488503E28;0.007394591937030762;0.1601024757952494
4.827863529345468E34;-2.828367393902328E29;7.885735128962899E27;0.0015601831941174887;0.16852472190276918
8.604623391731205E34;-2.4738274163867147E29;1.971224361730541E27;-0.0017716078072884062;0.12756077679404182
1.5198113923439478E34;-2.7705476085663496E29;7.961044657125041E27;0.0010766981041568239;0.11062034485042367
2.1591280190070185E34;-2.763630178345349E29;9.583444332781883E26;-0.00175193431343104;0.10850367015415249
