mass;r_x;r_y;v_x;v_y
5.685328283121087E34;-3.135332035108608E29;-1.5620710862173663E29;-0.07094874642929928;0.13506190979921046
9.618301275169209E34;-3.540821145193035E29;-1.8834344750055686E29;-0.09661734262212217;0.17363526323545872
3.693035903063237E34;-3.0898428108776683E29;-1.724482165810062E29;-0.07351585060693698;0.1252819649026545
2.6617647874038357E34;-3.198804109077973E29;-1.871651569984714E29;-0.11943082478671536;0.19472752039241698
6.227433069930512E34;-3.292700665533296E29;-1.8925456454013304E29;-0.09546972593442282;0.1585953813205643
9.713959508736946E34;-3.41030336370512E29;-1.9025541774178733E29;-0.08742643667822934;0.14974757016276957
6.355122482148684E34;-3.232636460019658E29;-1.8255512474638896E29;-0.08166584193736769;0.13789094774297972
