mass;r_x;r_y;v_x;v_y
2.3224274830536183E34;2.9127352502009645E29;-7.003736111771688E29;-0.11575250119077744;-0.04876634561955042
