mass;r_x;r_y;v_x;v_y
5.192776825863563E34;4.9233939785003816E29;6.17523596363227E28;0.017618739910720695;-0.15560618828234757
3.073931711770408E34;4.921588142389974E29;8.739134578154743E28;0.02556150679707284;-0.15517086673820332
3.9791952521726995E34;5.266766516297979E29;1.0671463832157632E29;0.02951980916686625;-0.1550974015776094
8.812074808835938E34;5.3246593359984976E29;8.107934643784367E28;0.021397309531539024;-0.15209947930322232
2.847229735170139E34;4.79153978292255E29;6.470385561656128E28;0.01389634549614767;-0.11354459170760856
1.8041032170430887E34;5.043854473942999E29;5.21405913908104E28;0.01498740305663956;-0.16339810410660285
