mass;r_x;r_y;v_x;v_y
3.641552489093564E34;2.556452843591349E29;-3.878170292755557E29;-0.12570658023634437;-0.0836724062223939
8.662147438994512E34;2.856188428265349E29;-3.8525873365884976E29;-0.2176564632944977;-0.1625278470389013
1.4039394388093893E34;3.1755081847140864E29;-3.902595224902758E29;-0.12309091409657337;-0.1006882434883091
6.736355260945815E34;2.8509041558223208E29;-3.7874713626623504E29;-0.16580123737058033;-0.12567757375081284
1.8887609918826534E34;2.3566888636724413E29;-3.820522904499302E29;-0.12623166891144094;-0.07876270162979095
2.768892286545319E33;2.5741448539223278E29;-3.5152089265021435E29;-0.1244578417578446;-0.09188441211695944
