mass;r_x;r_y;v_x;v_y
8.540994554875305E34;-4.903403783183584E29;6.060093594264892E28;0.020615475098311548;0.18061821902042405
8.273470709719696E34;-5.020641973538164E29;1.1082483577670954E29;0.03369379080782676;0.15841537213450724
4.232376679518489E34;-4.528768750043809E29;4.544217810815612E28;0.014307445535192042;0.15935476569236542
7.887051495835006E34;-4.756234147037949E29;9.46144958800437E28;0.032423747139888;0.17051821814506357
1.3089985151496507E34;-4.7144686791699784E29;4.347778344164361E28;0.01342426341815335;0.16374955773866162
7.375994128355541E34;-4.712342617535181E29;6.700123584626765E28;0.01833236640544655;0.13826944140622704
9.199875579738193E34;-4.730665113021036E29;7.953197736577673E28;0.024455624620203894;0.15391074449415945
