mass;r_x;r_y;v_x;v_y
6.631526810301939E34;-4.073289590496515E29;-1.94810565889402E29;-0.09132324858380918;0.18311474085105153
6.997107818942217E34;-3.949555539763437E29;-1.963432748957228E29;-0.08071377939655396;0.15565911524881956
6.554850073575235E34;-3.86672689125519E29;-1.8474573446244607E29;-0.061584543159844116;0.1233309440553091
1.3116911234191185E34;-4.0997442136924926E29;-2.1207675420174213E29;-0.08914266803022572;0.16563118598162388
1.3504655027550604E34;-3.7477737976956276E29;-2.14076907730404E29;-0.08609472957386084;0.14469796866027015
