mass;r_x;r_y;v_x;v_y
3.653461339508583E34;-5.993765608905797E29;2.824668411793132E29;0.06035335370838263;0.12921141166674113
3.9173672802108165E34;-5.693834369424507E29;2.532438543292952E29;0.05690955446641186;0.1293150747296893
1.140722809565584E34;-5.833334350635563E29;2.9919832734058754E29;0.0634415200453886;0.12462659781725274
