mass;r_x;r_y;v_x;v_y
2.5500877924415872E34;-1.049569916826007E29;6.1275496636718154E29;0.14319265814486518;0.023319235371190614
4.360783962179629E34;-1.2134303390225892E29;5.557223913271412E29;0.13197620198911192;0.027648772422075682
1.0528996035162797E34;-8.42418685764261E28;5.3529473951139395E29;0.13903164751872085;0.020516522494709064
8.992751974444243E34;-7.099208774661946E28;5.564027142943503E29;0.15375754800289895;0.018123664135425602
1.3559232179008804E34;-1.6141332243298583E29;5.381786539797328E29;0.14119315364544038;0.041171196226088926
8.835659247702802E34;-1.4156169218531983E29;5.6627436077395634E29;0.14993551211049924;0.036224547397961604
