mass;r_x;r_y;v_x;v_y
8.455321130323344E34;-4.730328046154255E29;-6.451794164392954E28;-0.018904275199050868;0.1264047947733252
3.3981859145351963E34;-4.8507510749391684E29;-7.134089902734983E28;-0.02717941129529301;0.16983213496597716
2.904741219851712E34;-5.046983091589125E29;-8.772819561802513E28;-0.0678027945823626;0.36335576460043995
9.884446165104406E34;-5.164569658914755E29;-6.61093105605748E28;-0.023065363747836676;0.1648138789632732
7.29532058677018E34;-5.169232508223952E29;-2.7786216158800297E28;-0.010480294859769139;0.16171427371326955
8.484134071750562E34;-5.002705019230776E29;-8.98364767578332E28;-0.03225066536065508;0.16750184176903987
