mass;r_x;r_y;v_x;v_y
2.7628519635787034E34;-3.579752528670654E29;-2.380918474473475E29;-0.09129373100230762;0.13199640163538273
1.3761352213897689E34;-3.4138238509640414E29;-2.371066612440973E29;-0.09569530533770298;0.13237288551971432
2.38048148086374E34;-3.463132219710603E29;-2.3561145954406073E29;-0.10094609250017535;0.14256863383162854
7.791287235730703E34;-3.6767002780123794E29;-2.5296424838411475E29;-0.0956068370644495;0.13386152281207025
5.5780583737424425E34;-3.5839306882310184E29;-2.8619839229408935E29;-0.09542835035251016;0.11534280497883954
