mass;r_x;r_y;v_x;v_y
4.198541966246628E34;-2.163067735458196E29;-6.685592982187282E29;-0.1304838277331827;0.04071483726579922
4.768847218691586E34;-2.5497423151673216E29;-7.013603637188624E29;-0.1272724154766007;0.044833431590960954
