mass;r_x;r_y;v_x;v_y
1.9150072823227018E34;5.665598364610569E29;-4.942693353069284E29;-0.08310183704335598;-0.0952450615743497
