mass;r_x;r_y;v_x;v_y
3.8028966306677585E33;-1.4050537729878126E29;-3.509734726111262E29;-0.16104169313483055;0.06077877874420693
1.6597871844580374E33;-1.3369343472968568E29;-3.69622218347209E29;-0.15797137771220573;0.05378467909946792
3.6878223234115334E34;-1.7593908724496123E29;-3.756244499704525E29;-0.43001854394314093;0.1917894707661634
7.097842773201724E34;-1.3669682359891658E29;-4.016677472247289E29;-0.12212358601280902;0.03920687716300223
8.292535509567615E33;-1.5770848473902119E29;-3.7763826352733476E29;-0.1389598707335101;0.05503550018378636
4.225025127000411E34;-1.3226217227166936E29;-3.552037702304961E29;-0.15805314287028457;0.0553371680827038
6.350002087827221E34;-1.7664141772358566E29;-3.555602463771678E29;-0.13337049484738453;0.06305030936891685
5.296453952000935E34;-1.7490426853010992E29;-3.730875552671517E29;-0.3012118114481041;0.1344182359349823
