mass;r_x;r_y;v_x;v_y
2.3222340137463173E34;3.812117302642257E29;-2.722320613682589E29;-0.062442560331116;-0.08712033577916438
6.669526499681116E33;3.574284925451549E29;-2.948754019900709E29;-0.09779246120401748;-0.11840173649443243
7.769641386665917E34;3.805587511155892E29;-2.88142034725968E29;-0.09754383547706777;-0.12849864169456152
1.1632353984903354E33;3.5978164104956074E29;-2.8754932575337345E29;-0.08926207864755105;-0.11149422823826724
1.6618779152747993E33;3.671043522149593E29;-3.1604404652633805E29;-0.10093647283642446;-0.11719743674341723
8.578321643743968E34;3.947599893213998E29;-2.6856430416175925E29;-0.07727011418984889;-0.11307384190764429
4.353849745005196E33;3.757302091384164E29;-3.139459309806123E29;-0.10056541598718167;-0.1202509758576193
