mass;r_x;r_y;v_x;v_y
8.071403865403771E34;-3.9992385225736325E29;1.562984425393503E29;0.05931799872857844;0.15475825649708072
9.637680506508038E34;-4.060305702408545E29;1.4642289284967127E29;0.0587843112705406;0.16664409392662094
3.048233728541425E34;-4.2821548002624055E29;9.849608243042615E28;0.040519126338053525;0.18359802103265266
2.644908286177535E34;-4.5226779503003984E29;1.4815987599214736E29;0.0589882124135341;0.18428348265143984
1.7451388586317224E34;-4.358727619340127E29;1.4272869524445805E29;0.044523395762187126;0.13927980448361105
3.7984583287425416E34;-4.271010752710303E29;1.5648040156480195E29;0.05735120334522284;0.15975827289295252
5.784330452672972E34;-4.567517458327766E29;1.4295647041785215E29;0.05269270028344617;0.17255603068405387
9.660016121407633E33;-4.0398053990783245E29;1.4011913570742435E29;0.07686368535729808;0.22691719948705982
