mass;r_x;r_y;v_x;v_y
4.930115994608244E34;-5.268188101241692E29;1.179538275880841E29;0.03568322779761842;0.1649926260238983
1.861044092504908E34;-5.763567529221738E29;1.5073004539000246E29;0.03263700455044524;0.12801029245973997
9.570613121679262E33;-5.5280789252087704E29;1.141281083822624E29;0.023578016834325827;0.11848549861782814
7.681467049505493E34;-5.875018699527856E29;1.4351552927685533E29;0.0362647199659736;0.15258957953355426
1.990395898604306E34;-5.577496415836596E29;1.187754563691322E29;0.0353640893422168;0.17197420209093536
