mass;r_x;r_y;v_x;v_y
9.931867415812862E34;5.350168395594167E29;5.18734908803874E29;0.08938525892125651;-0.09419747911869544
7.558677137540271E34;4.958628091237294E29;4.09328458708522E29;0.0869875984286315;-0.10806521023759388
1.942845294462562E34;6.389395673672152E29;5.221696986317155E29;0.0744999284049693;-0.09296876983804352
5.921153338472089E34;4.927802187020211E29;4.7932186299798634E29;0.09138400518126935;-0.09616854796705766
