mass;r_x;r_y;v_x;v_y
8.868314693359328E34;-3.928287885828726E29;4.677816657726626E29;0.11859270306617715;0.09918916162744468
6.430731226905343E34;-3.9425508335739664E29;4.124458811644757E29;0.07850979803796759;0.07486452076915834
6.380358362956006E34;-4.0552629919685666E29;4.222948546039831E29;0.1287490459341192;0.12335146555709722
9.354658683128449E34;-3.621233762793804E29;4.763121738028342E29;0.10700874562859462;0.08090321627390373
5.698814661707126E34;-3.834559366309212E29;4.4252383018552516E29;0.09975464357744482;0.08611480250375811
8.968535845035679E34;-3.858969800069241E29;4.9569253050643086E29;0.13140434134494902;0.10179155076533623
5.130847107159267E34;-4.34350776616778E29;4.3361218985500766E29;0.11287930548086501;0.11288624403777375
