mass;r_x;r_y;v_x;v_y
4.035249053121831E34;1.0949059522843639E29;-7.178932415000207E29;-0.1368327861325848;-0.021857557620158424
5.436497558612241E34;1.0999302401502474E29;-6.444860592564153E29;-0.13082404856357654;-0.02335963869625545
7.705673770470055E34;8.522340351381675E28;-6.974436381663467E29;-0.12667357613484728;-0.016449381626888415
