mass;r_x;r_y;v_x;v_y
6.06296683480625E34;5.541573516342192E29;-1.547201591694812E29;-0.03840373225221544;-0.13442295093606188
2.694593038665699E34;5.24288741790546E29;-1.3830878379177E29;-0.03958613618090867;-0.146161683713024
3.495561788726917E34;5.681898125003335E29;-1.4589068034864072E29;-0.04279659928264711;-0.1625174629823272
