mass;r_x;r_y;v_x;v_y
6.888769090285001E33;2.876345653308097E29;-4.853253982894387E29;-0.13285340709373045;-0.07951731718962712
6.78437753282142E34;2.707016802543737E29;-4.500130819171173E29;-0.12994352891138145;-0.07897503218902552
