mass;r_x;r_y;v_x;v_y
5.187574575231211E34;5.143332871035538E29;-1.5456041612404324E28;-0.007711708215269791;-0.19312270044864993
8.146878403618309E34;5.159820706142425E29;-4.22493249993292E27;-0.0029469622548876054;-0.1611179576203965
9.57152783752623E32;5.069289991833753E29;-1.747775358620604E28;-0.013712430848474158;-0.30849620530956884
9.27435751320191E34;5.308169981742462E29;1.6326698385934574E28;0.003138417143462772;-0.15312015956278077
2.1326194144288057E34;5.0713649892900714E29;-1.4402639908195655E28;-0.0060418589249143315;-0.15718072411699796
