mass;r_x;r_y;v_x;v_y
3.442824922861869E34;-2.586778596511345E29;6.2300329028902714E29;0.13382861033498097;0.054738345248192925
2.002383837889038E34;-2.7090615833275363E29;5.763347623279874E29;0.12642025532293136;0.05864158908629969
9.87913466037131E34;-2.838292987894846E29;5.944842688897072E29;0.13468187375813975;0.06350351541802762
5.50516265181346E34;-3.665823666042543E29;5.838249923158309E29;0.11528724316101682;0.07185191481610723
6.3230299430518425E34;-2.4119878234339474E29;5.6000270666841536E29;0.1287008639606993;0.05456435089341623
8.79430927737817E34;-2.6029887518425148E29;5.561476329766659E29;0.1256317471445222;0.0579922734989459
