mass;r_x;r_y;v_x;v_y
3.6645443812827678E34;-1.6791843912429168E29;-5.201109687640372E29;-0.15160247546451192;0.04670779685348877
2.118577617487728E34;-1.5826312782321336E29;-5.210005274280022E29;-0.13295153520568484;0.038453353881300195
9.801200256465404E33;-1.2894006388674495E29;-5.524578761338559E29;-0.2647513693514489;0.05833683354719873
1.7200315583953756E34;-1.592414319793387E29;-5.362018460139745E29;-0.1588282980499024;0.044935052096850205
1.6831166097176159E34;-1.4005510132097826E29;-5.346186139423697E29;-0.13748641850885576;0.034125697324033435
