mass;r_x;r_y;v_x;v_y
5.189127624067211E34;-5.0163207735458435E28;-4.497463750807623E29;-0.16993160223604617;0.016478162017314016
8.64890084144719E34;-9.46495844187968E28;-4.767735179579023E29;-0.15055984206151984;0.027674404117461696
6.299020380110706E34;-7.9224998180603955E28;-4.311414111953396E29;-0.14780696209903255;0.024785362878922697
6.602122121722614E32;-5.672941372667961E28;-4.638381665198513E29;-0.19791181291104218;0.021384850308491795
7.9995076256545E34;-6.0304308877082085E28;-4.2212063384314784E29;-0.13660556920417555;0.017343650199286926
3.6372466554652734E34;-9.34350391295664E28;-4.370687103542163E29;-0.16480159430151747;0.032558465979921666
6.120314734869426E34;-6.536862607375352E28;-4.5414930516489874E29;-0.17114253156860706;0.0221002124428013
1.2227130027359843E34;-6.03810592085674E28;-4.916084786851651E29;-0.1520764170410661;0.016631449758742888
2.1798551200527928E34;-3.913487558441812E28;-4.978305125081889E29;-0.15177514688881863;0.009984381217241248
