mass;r_x;r_y;v_x;v_y
6.013145527152707E34;6.2421915918232244E29;-3.536402678952891E29;-0.06254576449430102;-0.10981551999843704
3.134033183882057E34;5.9427837377824326E29;-3.075898317935639E29;-0.06159970598075823;-0.11817711431474709
7.172677512461526E34;6.655851024129765E29;-3.862825416406056E29;-0.06454140660683488;-0.11069127449338272
