mass;r_x;r_y;v_x;v_y
2.2381939586452617E34;5.5480798663679574E29;3.287901429396933E29;0.06992978491756253;-0.1212477837849507
1.8637888521073478E34;4.707038926412802E29;2.7643155622521128E29;0.07034777215070726;-0.12370529632504941
1.3935801317280246E34;5.432662037934934E29;2.66238890877884E29;0.06273579501354538;-0.13207662829181266
7.274988922985371E34;4.798426539922504E29;3.270494546465853E29;0.08481317130636588;-0.12808668911675447
3.7779332962257833E34;4.8061471541149016E29;2.8492310452804214E29;0.08541364838044063;-0.14866440240419845
