mass;r_x;r_y;v_x;v_y
9.808150318079467E33;-3.9280014250282425E29;1.9600208999570803E29;0.07692445352275583;0.15603015621111985
6.140988026431645E34;-3.773815288068927E29;2.0832966802777124E29;0.05841865648411201;0.10686130184148225
4.442153476005307E34;-3.8356829504772485E29;2.0093748078625747E29;0.07973547052590466;0.15388832333919006
6.293556372396218E33;-3.990001925726583E29;2.191406354230194E29;0.09502013838351707;0.17463289795176878
5.313167060385466E34;-3.9968587988800285E29;2.0655670576860375E29;0.11113669163981851;0.21740414769523597
7.950165972817347E34;-4.046924999896389E29;2.062648280645318E29;0.13769069482323304;0.27317065682495284
1.6389168836507976E34;-3.790726444596853E29;1.5786870012156314E29;0.049647176259303594;0.12140796312885263
