mass;r_x;r_y;v_x;v_y
9.329738170887618E34;-1.273894865862457E29;4.056045797997141E29;0.1653575352192276;0.05013175908075351
8.468126893606389E33;-1.5182391660748655E29;3.9505635510618146E29;0.43389628156511734;0.16230870995920071
9.8709309993902E34;-1.4819034251135826E29;3.955232204004268E29;0.1308721015844795;0.047678401541669885
9.171706499521726E34;-1.448722663241911E29;4.407110289551398E29;0.1670737622638121;0.05327662583636618
1.9553238058123735E34;-1.3597444856258543E29;4.379968272644643E29;0.17035397599989674;0.05116011042944568
5.38005300590211E34;-1.297800692999445E29;4.104386381107718E29;0.32531585029231386;0.09936944553655819
1.9192357020830655E34;-1.0859632717036017E29;4.1619470973046164E29;0.17350522086253464;0.043310021187805955
4.204258589137243E34;-1.4278593354778397E29;4.0819586997549344E29;0.19339752039412703;0.06564657320693362
