mass;r_x;r_y;v_x;v_y
2.1109450478927816E34;-7.108503807422181E28;-3.7126145437635155E29;-0.1826155105907953;0.03154423520843925
2.350714144550231E34;-1.1624031182959869E29;-4.123094755089161E29;-0.14797175901952953;0.03904679420513448
1.0305527096168077E34;-5.5268383996579175E28;-3.8674729284683744E29;-0.166492592199812;0.02090677227801822
6.132780163076283E34;-9.241060837823668E28;-3.954126986353101E29;-0.16118022530419618;0.03474102973655821
4.819025262369084E34;-1.1136044626960923E29;-3.805817113079953E29;-0.14735209723344003;0.04021682169141474
4.76460725799593E34;-9.098271532892662E28;-3.774553805276481E29;-0.14184498554263797;0.03147864938114422
