mass;r_x;r_y;v_x;v_y
3.7661408388953863E34;3.3165236454571304E29;4.387203186050331E28;0.0340908279215748;-0.29863517724975835
8.910758113172501E34;3.249830856206568E29;3.133902006129035E28;0.011571676299681777;-0.147234635231184
8.69162957014982E34;3.6453998500826096E29;3.317951955243858E28;0.012709615283982572;-0.16907690362620928
7.317028696565245E34;3.353860730433018E29;2.076146876614647E28;0.012685309352939662;-0.2805379250564589
6.533010901692448E34;3.686320513825848E29;4.3794562047538705E28;0.018190085337661366;-0.17715052793419353
5.269165029837022E34;3.1551268532843496E29;4.68790979611283E28;0.019641840045351033;-0.15198292146404863
7.871499357885405E34;3.4055926391493094E29;3.2551803913935758E28;0.01713790124534545;-0.2181489665921205
6.19409846146697E34;3.349329768040276E29;1.6795684072519377E28;0.011468801515245763;-0.34085711641697564
9.11909450629025E34;3.2821644091787234E29;3.889518575369092E28;0.01615708313272985;-0.16086403105450778
