mass;r_x;r_y;v_x;v_y
2.133734420915299E33;6.893878765328119E27;-6.082755823172641E29;-0.16753178653796183;-0.0035301003503836275
7.422585275676923E34;1.5362587000521997E28;-5.931423459205349E29;-0.1397090312462828;-0.004995262080781757
