mass;r_x;r_y;v_x;v_y
1.5722129590447538E34;-3.0852608666471144E26;5.7428096200204226E29;0.1549947891881725;-0.0015601077586583716
1.865889140168845E34;1.0128246707243476E29;5.857685867299478E29;0.13921025794384415;-0.02573841852858679
7.487033927712774E34;-3.0935199872989613E28;5.429014049400951E29;0.14659509212064012;0.006790059760435631
9.508247123599595E34;2.1380413248550644E28;5.802587527727035E29;0.16653904965874647;-0.007941416858338077
8.356820228392279E34;7.356548497967056E28;5.887110723259186E29;0.13770422466216373;-0.018789175148925745
9.323985562248405E34;2.0952300555570233E28;5.59623497897989E29;0.11357612842830798;-0.0055297789748474015
1.7182345716343444E34;-1.769190134065726E28;5.5023623744167314E29;0.166569426127816;0.00356316787572816
