mass;r_x;r_y;v_x;v_y
2.0935681743495325E34;-4.769425003705732E29;2.1607239475364234E29;0.06309988722961538;0.14099307190804614
3.1582437966548605E34;-4.312383645904201E29;2.2542423811869045E29;0.07090641847204303;0.13698077615518992
3.573372411248574E34;-4.502040724251178E29;2.304142341820856E29;0.20669670079281452;0.40787130760925155
8.063533775628723E34;-4.9090935481130485E29;2.33104671374369E29;0.06840198240153496;0.14560592083018484
6.039348212884111E34;-4.646667191792579E29;1.9817423400464165E29;0.05747021800625827;0.13667354046101438
3.6789703681323902E34;-4.501866166723046E29;2.327743097945347E29;0.2169528175524982;0.4236507452739171
