mass;r_x;r_y;v_x;v_y
2.00392295506061E34;4.13438968944067E29;-1.044831302148807E29;-0.05939071688350129;-0.22688033774183858
1.755725003484651E34;3.8342842813166956E29;-1.5586390972458453E29;-0.0572701178548713;-0.13837736639251955
9.547085787705442E34;4.180137081040059E29;-1.0085412213248094E29;-0.053981628082684543;-0.21559099341714502
8.090878653629612E34;4.010362201855134E29;-1.0197370397074928E29;-0.04346399348110809;-0.16489728613449894
8.352876757577275E34;4.090847117171699E29;-1.3588053383336071E29;-0.04985029293976504;-0.14655326398815421
3.368965975547342E34;4.097330865154442E29;-1.5029810887224748E29;-0.054494853611728344;-0.14559221881556467
8.188825897902462E34;3.8723913019209255E29;-1.2334243671892184E29;-0.044226370800589505;-0.1351807200318534
4.555669863984132E34;3.990783720627137E29;-1.0942521457584038E29;-0.05430362543605854;-0.19171644572567428
7.886793931028663E34;4.267189924492295E29;-1.5738976906740656E29;-0.05354230316713911;-0.1424021432399764
