mass;r_x;r_y;v_x;v_y
6.605557360264652E34;-4.373691686065982E29;-1.7090227889014807E29;-0.074220945495453;0.1816650546809434
7.708272121157546E34;-4.24509033822691E29;-1.6172893678153423E29;-0.061227551875553315;0.15337801725827158
7.369570505108839E34;-4.3727115154522714E29;-1.4202894920381998E29;-0.06519451511106872;0.19079611361061652
7.526188578571909E34;-4.684662059404434E29;-1.6923501151200112E29;-0.055860657681791534;0.14798328758496426
7.359804060351123E34;-4.167581476116263E29;-1.3512757349145802E29;-0.06324318768634783;0.18494328290255488
8.711973317719545E34;-4.231408712947755E29;-1.3574583206597379E29;-0.08532252988196902;0.252277264258727
2.8265128818725314E33;-4.3850367565979135E29;-1.471251202065931E29;-0.10577203349451371;0.3000562239496456
