mass;r_x;r_y;v_x;v_y
9.404971263904762E33;-4.492664549565712E29;-5.282379206358549E29;-0.10413718920818683;0.0865071306584191
2.549460025965971E34;-5.482804158078003E29;-6.0537762423679985E29;-0.0895581851382014;0.07951927113429037
5.308000483937414E34;-5.074842539420569E29;-4.942463491504304E29;-0.09340529810895322;0.09375668622683812
