mass;r_x;r_y;v_x;v_y
2.963320536613232E34;-4.1253252106309074E29;-2.8957601462266713E29;-0.08622965197403308;0.11886132904232408
