mass;r_x;r_y;v_x;v_y
9.566180642443473E34;-2.7022305154896775E29;-6.319623379932706E29;-0.127674390512019;0.05292761045522603
3.4267483326876253E34;-2.5086860637243885E29;-6.38941188143151E29;-0.1309274111426103;0.049755009871687614
