mass;r_x;r_y;v_x;v_y
4.355172826506345E34;2.829128219212523E29;4.9207400585317864E29;0.12332226674226081;-0.07320736755757426
8.613813545425145E34;3.3379024186835944E29;4.9822505878661E29;0.12097062071029836;-0.08340182316535087
3.353179794955361E34;3.096984871326398E29;4.489508380185103E29;0.12878143044027957;-0.09165492062410534
9.193481546912749E34;3.089669752688713E29;5.640289879746264E29;0.13350028824732216;-0.07526842235098441
5.425071590202473E34;3.015141835100692E29;5.422498089753995E29;0.0989706813394747;-0.056690035089917504
3.5662061770506766E34;2.9200565199265727E29;4.389195690692766E29;0.1229871757877341;-0.08453765905783495
6.203844482878789E33;3.238729118525624E29;4.883020460390271E29;0.057095462457369614;-0.03900018680386281
