mass;r_x;r_y;v_x;v_y
8.491259265211295E34;-1.8304634273164476E29;-4.122295950379846E29;-0.12346463920814446;0.052339717785892956
9.827058201370799E34;-1.4306198915978471E29;-4.234891747641832E29;-0.1435956628345532;0.04588586511614698
7.454748239494853E34;-1.8513446221604308E29;-4.4167081823145835E29;-0.158703998834487;0.06358863918457618
3.5695887958798742E34;-1.6231736293357702E29;-4.27012835747459E29;-0.3406011852959016;0.12312142672729158
1.5127368630766954E34;-1.7120004525550063E29;-4.202493809902533E29;-0.14455736193643895;0.05610269548789375
3.994864942426103E34;-2.030817160140395E29;-4.149059684937779E29;-0.09001671448136726;0.042209027671454305
5.451675077473322E34;-2.0808167180795073E29;-4.231773540352833E29;-0.1808229777792863;0.0852615323167094
4.386930384162021E34;-1.628884146885696E29;-4.235754492101997E29;-0.24750451887653355;0.09051517342909175
