mass;r_x;r_y;v_x;v_y
6.857514912804535E34;-3.653802941408691E29;6.783537735914047E29;0.1107947219605668;0.05915558023742054
3.729853582310527E34;-3.408961885232318E29;7.00304141838132E29;0.1172323941144413;0.05648576270432406
