mass;r_x;r_y;v_x;v_y
8.141636082230198E34;-6.492282052768788E29;4.96275500269131E29;0.07270554475883645;0.09525095921671381
3.479311889624503E34;-7.172952340473027E29;4.714927119920521E29;0.06475908590394869;0.098806398796666
