mass;r_x;r_y;v_x;v_y
7.856394583167603E34;-3.847763431399582E29;-3.4291978232080476E29;-0.10341447766594021;0.11247119316462285
7.247670889549127E34;-3.54358247176126E29;-3.400550908237162E29;-0.138867673205483;0.14005162811159216
5.895719255510413E34;-4.177326922461656E29;-3.887625033620251E29;-0.10416860508506103;0.10882389031128134
6.4958973050645605E34;-3.9980413534199235E29;-3.515853069724994E29;-0.13105442142936052;0.14458927619641831
9.031391661506184E34;-3.920493108779672E29;-3.2737510279797636E29;-0.07452611888637424;0.08646910337231323
1.6430544639453476E34;-3.819424225269186E29;-3.704687621499628E29;-0.12055676284752836;0.12059369482547365
3.149302188314638E34;-3.995498479532928E29;-3.330318607866788E29;-0.15777014125878644;0.18349021052318248
5.188628587446597E34;-3.492164188650388E29;-3.641658289279868E29;-0.13449090024904256;0.12491502661385269
1.6333939429146532E34;-3.4570309321784975E29;-3.422820400124514E29;-0.17161828801640003;0.16769942346867533
