mass;r_x;r_y;v_x;v_y
6.657210769028889E34;-7.757377776680038E29;7.819102843963795E28;0.011598314304673434;0.12251281290400237
6.714728768716553E34;-8.358902852333033E29;4.568275548986681E27;-1.0785120307324727E-4;0.11856561196053565
