mass;r_x;r_y;v_x;v_y
1.2219541068400572E34;-3.4606956647901925E29;2.3449410508151053E29;0.08209799268574511;0.12181352221048275
4.858189566085201E34;-3.332188527041307E29;1.9157869471962073E29;0.0727520871115771;0.12779902864565293
5.386243620568639E34;-3.570704759200136E29;2.2855629914271313E29;0.14097754358478093;0.22168777603174683
3.121283588202064E34;-3.463901676343213E29;2.184455007226078E29;0.04186077998197976;0.06685134284503605
4.742629263993346E34;-3.332726222254488E29;2.425631176808534E29;0.08473469264334635;0.11687889055153855
5.330544045813462E33;-3.39648531700114E29;2.6316370902817438E29;0.08528943886019448;0.11035376183141256
6.531738658322576E34;-3.1288378023070478E29;2.020157429564162E29;0.07569484306353254;0.11808700260577833
5.209273534739702E34;-3.282691587511427E29;2.1276356982709576E29;0.07891647812589146;0.12258725709699383
7.594454567728229E34;-3.592410051755788E29;2.12192717727413E29;0.06287751685197653;0.10735600454121638
