mass;r_x;r_y;v_x;v_y
5.513488757245562E34;-3.9703238073049E29;-1.6619209229098783E29;-0.09205675427858911;0.20985840596406266
2.0170403452033305E34;-3.710515356197881E29;-1.6954176493352398E29;-0.05855740607608289;0.12223377953090492
3.3460542442868887E34;-3.909548133676701E29;-1.650911687684861E29;-0.05971283362162017;0.13487499510510645
5.146792253583601E34;-3.77275573860582E29;-1.5227454274257363E29;-0.048153404782618446;0.11343109997809393
3.820716221679176E34;-3.8577993628653025E29;-1.6288228905661708E29;-0.047490195254470895;0.10721498356869566
3.676465631671981E34;-4.0999422296406354E29;-1.655211912982033E29;-0.06762769270971904;0.1599046520423111
1.0672873994645338E34;-3.9327766276852465E29;-1.5620534800028794E29;-0.07227086846368388;0.17325943678249203
