mass;r_x;r_y;v_x;v_y
1.872894269483533E34;4.436211035580185E29;-1.7513628314214046E29;-0.06276475980669151;-0.1563929556262666
3.052042088987572E34;4.6473788533867086E29;-1.4387123603225754E29;-0.06744016994707652;-0.21280313227341932
3.3587974088450885E34;4.6329086696630165E29;-1.8108837411424324E29;-0.06664152691467011;-0.16778265722305077
7.554064922506768E33;4.7346617497019454E29;-1.3238938101667883E29;-0.04521193253532318;-0.15742354308097406
1.426428737008943E33;4.936092766105545E29;-1.373573603141701E29;-0.04682989894908764;-0.16399094338045828
7.566119566239193E34;4.580068393353489E29;-1.4988257956372128E29;-0.04629699438979117;-0.13842119426313662
6.970015083560592E34;4.500606708108246E29;-1.6395720085552405E29;-0.056456726310171276;-0.15211270857032208
1.7948660864086812E34;4.908129825449471E29;-1.6122374889603758E29;-0.05365162545519123;-0.16005536716452082
