mass;r_x;r_y;v_x;v_y
1.2423374066933166E34;2.3762962842003814E29;2.141427240450479E29;0.08138770765347436;-0.09496876474401444
1.5743737505013362E34;2.0355899038485817E29;2.067111518230287E29;0.09866991891246082;-0.10269062766121985
8.171478808266478E33;2.0066804926064666E29;1.865920509098824E29;0.09234695541810577;-0.1053045111437934
9.54312868796892E34;2.2442450629488456E29;1.849993923746074E29;0.09693960330390507;-0.12433858905571722
3.5662490732062864E34;2.438263363618913E29;2.1289402579551234E29;0.10863900109238488;-0.13077329773355242
2.9780198039671938E34;2.2118464635689204E29;1.7128681012291356E29;0.07505770614274386;-0.10276113625131449
9.517842798922905E34;2.361759164261544E29;1.796701903702806E29;0.13515251828835917;-0.18776038383750734
8.77925242190999E34;1.9237596225284535E29;1.957900441194401E29;0.1048154024855478;-0.10918729798072684
