mass;r_x;r_y;v_x;v_y
6.573903882279274E34;-3.4656534033054834E29;-4.936358701104686E29;-0.11906029748355929;0.08125636642386912
6.803893884385164E33;-3.305633101390361E29;-4.4342635762124595E29;-0.10866855769224745;0.07858723020621863
2.1893058508915044E31;-3.567421300656121E29;-4.185690504005343E29;-0.1135077461764802;0.09391050735854262
3.0521190906844177E34;-3.389379227329309E29;-4.5785907950181115E29;-0.1166079664974727;0.08380953487090163
