mass;r_x;r_y;v_x;v_y
3.9186511040958688E34;1.9066693998399498E29;8.059179165861283E29;0.12006527705250691;-0.029499469057618535
8.990116269501289E34;2.3987957377397957E29;7.353266148407151E29;0.12241738204912654;-0.04123852586045133
