mass;r_x;r_y;v_x;v_y
2.5851021890557464E34;-4.935294022201029E29;2.5360880087827997E29;0.07857629982698472;0.15427985105833322
7.170450314842051E33;-4.4185524667501905E29;2.6836858390174363E29;0.08153819282277934;0.13509438554030515
5.372721820123236E34;-4.713446799274218E29;2.6419683437370605E29;0.07891804616009274;0.14185025338846013
2.0499403213032153E34;-4.421508751197342E29;3.244470536007559E29;0.10359859221650121;0.14157807443280987
2.102219817334298E34;-5.15523725534038E29;2.8053368320802252E29;0.07260337333253888;0.1344082628154399
6.646859028787326E33;-4.606937515649941E29;2.56852823438255E29;0.061024801344903935;0.11030680409150545
4.8333846900535946E33;-4.567989001740565E29;2.9842442111292256E29;0.08854636862450008;0.13617637841676017
