mass;r_x;r_y;v_x;v_y
8.1390238047872725E34;3.469649253139771E29;-7.121378791725588E29;-0.11226267472670266;-0.05523472303293268
4.44288257673093E34;3.760221513978592E29;-6.831014943378422E29;-0.10763288150919423;-0.05973341611767342
