mass;r_x;r_y;v_x;v_y
9.820853908811401E33;4.500103024663482E29;-2.4194253253748782E29;-0.07306036022689033;-0.13474924782913553
9.868120079199131E34;4.258315267940377E29;-2.5438179174930566E29;-0.0812367613047416;-0.13508973546384698
4.516311021277213E34;4.1271262605914056E29;-2.3167503729843204E29;-0.07221497372491477;-0.12759540230920133
7.911200791586225E34;4.224802063710924E29;-1.9409345744944307E29;-0.06757037869944858;-0.14519835495983127
8.675187486273431E34;4.495355867317826E29;-2.2907592687419698E29;-0.07021665887440409;-0.13647098977329206
8.466807122820034E34;4.0193199505785224E29;-2.0447521896140437E29;-0.06579943812781969;-0.12795155112946138
