mass;r_x;r_y;v_x;v_y
6.964341960144709E33;4.631735047449603E29;-6.79894832510691E29;-0.10221126779500157;-0.06999004541859954
6.9351672928996535E34;4.791840359554191E29;-6.26869994511756E29;-0.0980202393632133;-0.07523227107437307
