mass;r_x;r_y;v_x;v_y
1.9090210960302958E34;3.0055755050854267E29;3.9047022893414765E29;0.13024730131456147;-0.10368221743164772
8.939966904390363E34;3.255474526035449E29;3.366488048852909E29;0.11258734335015019;-0.11267473741527718
3.630341136420114E34;3.2366928107868004E29;3.694287817348244E29;0.12817850050028698;-0.11606810382972203
7.560769857391758E34;3.031795334314444E29;3.659769353649778E29;0.11938823597424683;-0.1023602849445327
