mass;r_x;r_y;v_x;v_y
9.638587750884465E33;-1.0542970704549947E29;-5.317468580149041E29;-0.11648052598309212;0.021556782736730257
7.513362304199463E34;-8.53245194664904E28;-5.194327592066894E29;-0.14088950311290882;0.021288002238076184
1.1365901357258987E34;-8.253116407882236E28;-5.464832893595745E29;-0.15490709779234899;0.021474445201342944
7.941907663830136E34;-1.2398268315633037E29;-5.4522517167931876E29;-0.27280292605253914;0.05844421555392443
9.074988441018121E34;-1.1746189176610254E29;-5.426896951453811E29;-0.22752678126398057;0.04626262303951422
