mass;r_x;r_y;v_x;v_y
8.192267614934571E34;-2.311573533466104E29;2.3995022474927355E29;0.11978291391060782;0.1149303097285062
4.785555173175647E34;-2.298696603238057E29;2.259376266360118E29;0.35905292091179325;0.36429314351376
2.9059797507030473E34;-2.285867601151412E29;2.2502407497020733E29;0.4366073789381382;0.4422719724752943
1.783889142997434E34;-2.3668163612399924E29;2.538151625902428E29;0.13800907108519955;0.12809776518207214
8.378721701930569E34;-2.1816068035095634E29;2.5178392760842955E29;0.11371810499856576;0.09787554894510093
5.889724449183011E34;-2.060135120127248E29;2.3980388951599128E29;0.09227962288311206;0.07870115044159508
6.5188137466725E34;-2.5930772799056808E29;2.3058132947031027E29;0.1026380603706882;0.11540259869727075
