mass;r_x;r_y;v_x;v_y
1.2578025175474504E34;5.346312296023605E29;-5.900885692763883E28;-0.022470366219605048;-0.18884813037113238
3.469285977464773E34;5.292871455282273E29;-9.646033129289755E28;-0.030084022478288546;-0.15822466482825195
1.871834601918E34;5.2891735993350444E29;-4.353902098952979E28;-0.09026332737704751;-0.9882210701702104
1.8587988942987002E34;5.193024697523347E29;-6.007959083089358E28;-0.014443759822642649;-0.11601738988376203
1.076068288642651E34;5.317960837942691E29;-6.31765360807815E28;-0.01876189982363878;-0.1473107776910741
1.86875313834321E34;5.5835065878476255E29;-7.252229702491952E28;-0.022612091018800035;-0.16393959064044902
3.990445908643138E34;5.2907525931677304E29;-4.473323783109444E28;-0.06342611364077885;-0.6780352792384648
7.940534667083576E34;5.3449927350742E29;-8.277997923984114E28;-0.02549478070368089;-0.15641685812568226
