mass;r_x;r_y;v_x;v_y
4.04259909856029E34;-4.300148490724234E28;-4.2983314131828235E29;-0.15527236559282087;0.013190230293921327
5.530802300064168E34;-3.7368779732208687E27;-4.3360360345986195E29;-0.15677307294740755;-8.209713021640843E-4
4.521907418412506E34;-3.6121423328516057E28;-4.321953837858915E29;-0.20030760266993589;0.013774181030642544
3.1514491605047956E34;-2.377102100663178E28;-4.19860257524142E29;-0.1566033191505476;0.006532374597511514
4.116147198564064E33;2.2919448656026778E26;-4.043658150195444E29;-0.15504171893863858;-0.002370758076764099
5.975498114964903E34;-2.1046651053864826E28;-4.0060567547432246E29;-0.1606968636244861;0.0059425716578701895
7.576049329216162E34;-3.532434597712908E28;-3.940847361562064E29;-0.14567461123960931;0.010682453148747226
