mass;r_x;r_y;v_x;v_y
6.717650970641537E34;2.3600651359207178E29;2.5713862923417573E29;1.4195882105492275;-1.364490507552366
2.995638262485416E34;2.374653263067546E29;2.5456209552653304E29;0.33445438818860823;-0.3267542416316564
4.9390012164106235E34;2.3637724599907416E29;2.7094727005600927E29;0.17987661581722175;-0.1641581512352526
2.517944975107725E34;2.5470266508591145E29;2.375767770549685E29;0.10767483567453737;-0.12088046705344072
1.527057269519136E34;2.4024031457208252E29;2.916810447811944E29;0.14018889564245376;-0.12056632508463552
4.814031385687606E34;2.4020108388949978E29;2.7319464403157412E29;0.25495153265763054;-0.23436001075243018
3.3139717324582735E34;2.3996717539867877E29;2.5349479173157767E29;0.3129146083221324;-0.3101796618519033
5.685094178022063E34;2.430501935548507E29;2.7027345674094113E29;0.23556993861789138;-0.22146445542229898
3.7506188102516E34;2.3648363196049137E29;2.571488460243578E29;1.8855367248768267;-1.815853295643399
