mass;r_x;r_y;v_x;v_y
7.135772010393145E34;-5.78649744259607E29;-4.3331862685716255E29;-0.08293577269918834;0.10826651005351713
9.172559047995746E34;-5.6532702135965584E29;-3.712122954830196E29;-0.07953201112166616;0.11813386849574613
6.220525302510454E33;-5.666120975003931E29;-4.1282082162368646E29;-0.07252077927234371;0.097223594789126
