mass;r_x;r_y;v_x;v_y
1.159019948525155E34;-6.1105962158631735E29;-1.698200627498906E29;-0.04006013302330743;0.13838590697242328
8.197253605765526E34;-6.2166851686803405E29;-2.016577298202504E29;-0.04593239627635723;0.1366189275124034
2.174478727402015E34;-5.912637863636664E29;-2.2814039224996984E29;-0.05157779933079041;0.12929125223814877
9.585812083195697E34;-5.9825505126556044E29;-2.695937068611134E29;-0.060545835354387796;0.1304264692306408
