mass;r_x;r_y;v_x;v_y
9.333448462695108E34;6.240018323386123E29;-1.2502737724937815E29;-0.028979586650011272;-0.14007016675366118
