mass;r_x;r_y;v_x;v_y
1.0067897798904292E34;4.241310907925607E29;-4.036528226186518E29;-0.10766674506599584;-0.11324534979008287
