mass;r_x;r_y;v_x;v_y
4.280190514312177E34;5.806891502515359E28;-5.832462691720901E29;-0.1734012732102463;-0.018886081363188263
7.263384785243732E34;5.570276996854398E28;-6.2593728491607785E29;-0.14234047361833352;-0.013921101225353016
7.66140269599785E34;8.766404120606667E28;-5.513447104315472E29;-0.13871861743168656;-0.02334939382800248
7.823446750224647E34;5.530684520595259E28;-5.6702863574004726E29;-0.11979863092992528;-0.012839511014189987
