mass;r_x;r_y;v_x;v_y
7.068474247471129E34;1.771466459090236E29;-5.470249556989718E29;-0.15270897401569747;-0.050644769951372196
4.5690229362357615E34;1.249693736070069E29;-5.4141538606086806E29;-0.1364597636488162;-0.03269731239852364
2.153356594349077E34;1.5375300612394538E29;-5.486362614819672E29;-0.14299509449936088;-0.0412466294828617
9.195761537433781E34;1.6988680172922767E29;-5.254595875187134E29;-0.11373750781799302;-0.03769706834936668
