mass;r_x;r_y;v_x;v_y
9.603469670624542E34;3.646408711347192E29;-2.3949645822071117E29;-0.10340384488736308;-0.15656161520807757
3.786615794193896E34;3.5576976498714794E29;-2.4808825487520416E29;-0.11251372169162076;-0.16064015490033143
8.391145571105775E34;3.426532768481127E29;-2.5098690128298484E29;-0.10689759848010222;-0.1454253686688994
9.046819910698901E34;3.3848485223325786E29;-2.328699470277869E29;-0.10176028341101376;-0.14718512206000284
