mass;r_x;r_y;v_x;v_y
6.492888784603134E34;-2.0817341829373415E29;-4.800515209345071E29;-0.16196542579353307;0.06745175018284784
3.2630816737561363E34;-1.6870992828935244E29;-4.476312257173057E29;-0.18693749733418477;0.06713693848308547
1.8927313403683802E34;-1.5730004663057118E29;-4.519793702975518E29;-0.16070251548481426;0.05315651855715846
1.4468449385363576E34;-1.6413876225389145E29;-4.4658071986479295E29;-0.18264527559058233;0.06390038881647918
4.991468381939525E34;-1.3706630435178225E29;-4.6074836617639174E29;-0.14142706496246243;0.03976067214543595
7.028045851343928E34;-1.4959558644194368E29;-4.7844814400629334E29;-0.16132143252903888;0.04787248819674934
3.581862038926657E34;-2.1406422676637886E29;-4.6972643948625E29;-0.13684898513913646;0.05992750062437956
5.449089724513936E34;-1.697988649070776E29;-4.658211002347849E29;-0.16774119796284448;0.05830460739470867
