mass;r_x;r_y;v_x;v_y
6.612523222399521E34;-5.281860817203681E29;-3.729900443056186E29;-0.07836041505401574;0.1081536303681261
4.515725658077681E34;-5.344987979300514E29;-3.212124196847938E29;-0.0757207422615178;0.12254604355784252
