mass;r_x;r_y;v_x;v_y
4.494958953578866E34;-1.275488846438732E29;-6.505239457456725E29;-0.12639796881875032;0.023418656699763295
4.183159027980762E34;-8.38256175409647E28;-6.61350975009819E29;-0.1357888474609274;0.015844389109964743
