mass;r_x;r_y;v_x;v_y
3.877765484992927E34;1.9142532293289302E29;-4.840630973443253E29;-0.13056948396197518;-0.052683019455843284
7.728322976317656E34;2.150549586814551E29;-4.2442392927710434E29;-0.12384498866310617;-0.06371406556220637
4.478247448456353E34;2.2880171979773127E29;-4.936231740443765E29;-0.13508096513989526;-0.06357803209533343
3.238780657840098E33;2.3229476800024516E29;-5.434424790256782E29;-0.12906574346918281;-0.05605354859940815
5.320986952852722E34;2.4285277824126924E29;-4.4707795603750894E29;-0.14163394958411804;-0.07791982818576972
5.759886370437024E34;2.2579716181365437E29;-4.4143718523001514E29;-0.1396920387036036;-0.07248889695389746
