mass;r_x;r_y;v_x;v_y
7.632435599640053E34;-4.493775650553504E29;-3.30739526408761E29;-0.0935222752165289;0.12337689455927353
