mass;r_x;r_y;v_x;v_y
2.5438174405634947E34;3.214085382297146E29;-3.557216052610275E29;-0.12629832228393265;-0.11454430680636819
5.838372504790292E34;2.9632123832122915E29;-3.009203868375861E29;-0.14866190282614988;-0.14677506394378026
8.461445835926164E33;2.804894023832636E29;-3.2729000760096795E29;-0.12326737243706805;-0.10618690153351638
5.645112216497377E34;2.8798641393457752E29;-3.1248068257172663E29;-0.1385163830366288;-0.12815087593228885
5.521550107796971E34;2.9973716950827373E29;-3.455764996708986E29;-0.37708906670787007;-0.3285939337235288
9.947237996933496E34;2.972278239247472E29;-3.428614660598121E29;-0.23744854066503102;-0.2068138819347178
8.097088815867345E34;3.4574829673508076E29;-3.273078327263146E29;-0.1070252221627826;-0.11318768072161313
