mass;r_x;r_y;v_x;v_y
5.979872809411596E33;3.824041940934116E29;1.6955760589306886E28;0.005330139163048143;-0.1779854244200879
3.7003617825294487E34;4.48339374189708E29;3.207672884894571E28;0.009279920036786649;-0.157607318869981
4.338133321695975E34;3.845674700869482E29;5.561992020147135E28;0.0965690479477353;-0.7499515144133768
2.7395851866843375E34;4.1544617402013566E29;5.650774246394608E28;0.020619439093728834;-0.1697915592622566
2.204631539511929E34;4.0772071475106935E29;9.019967049393207E27;0.0013578249538998188;-0.15197038381996125
6.542395420612669E34;3.8279123352385654E29;5.580694098204154E28;0.07316502023226926;-0.563517551133009
8.491865338060892E34;4.2791509980100205E29;9.648104818060192E27;0.0016237976982711503;-0.16292563974588897
