mass;r_x;r_y;v_x;v_y
1.2615393384851956E34;6.674575201925172E28;8.313881242973976E29;0.12081880096431702;-0.010644842231173787
