mass;r_x;r_y;v_x;v_y
9.81556065033439E34;-5.442629288010028E29;4.657723208863142E28;0.011947916945463183;0.15588023731109146
3.1492323350215856E34;-5.968551680115462E29;5.833344168407716E27;1.498312548931283E-4;0.17350523673728052
5.743000423160545E34;-5.611344293310181E29;-2.2517263864278755E28;-0.007675846788295171;0.15304574169448895
9.702909785087179E34;-5.8038540558601974E29;5.929328420810201E28;0.016532023769246805;0.17593371149098078
1.8171032482227038E34;-5.346942984278545E29;5.526897627932802E28;0.015892536782643883;0.16821684164055337
7.684059441760368E34;-5.750787152866598E29;4.226126821457528E28;0.00990336081609457;0.15256433930408136
8.690226953011954E34;-5.772232918283172E29;1.7738168792885337E28;0.0033427940678960855;0.15379451612507827
2.1692677497759596E34;-5.274569017586441E29;5.172462400015976E28;0.0068743815299960225;0.07724861275492112
