mass;r_x;r_y;v_x;v_y
2.0228117371760658E34;1.4865973532722025E29;-2.8595148057775916E29;-0.10810816454150453;-0.057415943404895683
6.582418141791039E34;1.5693118290142948E29;-3.050858584475502E29;-0.2530703001019846;-0.13286342282260055
4.318042817264339E34;1.3825211119765355E29;-2.98143183674189E29;-0.13181435114167067;-0.06267306504567359
4.109894884204041E34;1.3077222943614101E29;-2.73587265322776E29;-0.13442587086253968;-0.06593688996396645
9.33476118499735E34;1.519042445711124E29;-3.0174901980192903E29;-0.1380312891332264;-0.07099508057035657
