mass;r_x;r_y;v_x;v_y
8.82638230233895E34;1.9676981497391765E29;3.709716459460058E29;0.140124269735891;-0.07771926321677405
2.80527069105943E34;1.943578442311871E29;3.308420113898198E29;0.15992699688887987;-0.098452938866445
5.65754154014479E34;1.7584008549438753E29;3.31500176327678E29;0.2035061111439695;-0.1134744889980978
2.1754711538117266E34;2.033444264158004E29;3.455046623469558E29;0.1432145655858889;-0.0881477644491868
2.68731063291557E34;2.4493506649456776E29;3.489358763993618E29;0.1366057463978529;-0.09977513659864044
6.558491406271055E34;2.1597649310942653E29;3.692483115678086E29;0.1404551311398177;-0.08568439838994255
5.287173756800106E33;1.982510615359817E29;3.6318907826233E29;0.1255139997522944;-0.0716492071144136
