mass;r_x;r_y;v_x;v_y
6.574821935708894E34;4.924370690050682E29;-3.887201710342648E29;-0.09222260886338891;-0.11666339792293041
6.116493763482785E34;4.6743631020802946E29;-3.5032123443980215E29;-0.0988540097980877;-0.13160499788618188
7.700436244510559E33;4.734262617996614E29;-3.437518295116029E29;-0.12240285569934628;-0.16812284413300863
7.070200989557214E34;4.64556883468008E29;-3.2677269715184754E29;-0.0884528010479005;-0.1253409438918995
3.075126806492319E34;4.427607970608826E29;-3.258243472736884E29;-0.08636924784818403;-0.11705415721688192
