mass;r_x;r_y;v_x;v_y
9.359445119871182E32;4.657346479807661E29;5.064024466652245E29;0.10090966379040674;-0.09500722966369461
7.7752625002279875E34;4.0960256603254414E29;4.228270041709413E29;0.1036971538834786;-0.10323371267242964
4.412960998413676E34;4.236066347194361E29;4.9914310470832136E29;0.10293488221226439;-0.08955723794489368
3.8191878388248395E34;4.513169438170866E29;4.733904436648417E29;0.09525165769628877;-0.0930711639209156
