mass;r_x;r_y;v_x;v_y
5.333681496217481E34;-1.8095620983894955E29;-5.715524114705483E29;-0.14295007250000077;0.04334547116896599
2.1009593495579037E34;-2.0989620698726665E29;-5.444919981529146E29;-0.13413222841636097;0.049733633301800084
1.0947137767817817E34;-1.68537287289903E29;-5.7005227434886884E29;-0.13381970588456066;0.037794376237093766
