mass;r_x;r_y;v_x;v_y
4.799282829495016E34;5.033735286291137E29;1.903077019014027E29;0.05431908121254214;-0.14958342737495867
3.2751534060578538E34;5.4891870402559276E29;1.5775695669931597E29;0.03962435447968155;-0.14425734686001018
2.864434840232233E34;5.5589959309327E29;1.9545317568351896E29;0.04756963638870907;-0.14059347871487696
