mass;r_x;r_y;v_x;v_y
3.194786346324963E34;-1.1795243035266554E29;1.8313287752296674E29;0.21377769864993507;0.13455598960636267
9.294790753810818E34;-1.0781241252792014E29;2.0267639939771164E29;0.09821339618562828;0.05064961226447134
7.885277691598972E33;-1.031143038743203E29;2.0491724907178037E29;0.18753837661682093;0.0912152174855588
1.2791872977040717E34;-9.49597289739856E28;1.98227413463082E29;0.08124155228263824;0.03745044320447307
1.763044020295456E34;-1.2828860392963784E29;1.9742310398851057E29;0.10331569741509622;0.06575053302939864
9.738861283809466E34;-1.2270845231191224E29;2.1168836996182233E29;0.13704126192929436;0.07747924559376165
4.604616480829947E34;-1.1809074603574193E29;1.7963273981497316E29;0.13453964725119796;0.08648913626067149
3.308059751323154E34;-1.1497121459103126E29;2.1402965892435902E29;0.13305629202162944;0.0694496542330368
