mass;r_x;r_y;v_x;v_y
6.256933269954658E34;4.266209879782596E29;1.5987940142502775E29;0.044566966659437844;-0.12475834034357107
5.3027984301759145E34;4.5022366860541204E29;1.8647750426866245E29;0.057664317091176205;-0.1452345215761845
9.711834078494989E34;4.4383628871025964E29;1.5015609097526914E29;0.04912471314705592;-0.1525883255745568
1.1927340025748822E34;4.582586690949586E29;1.757031512476858E29;0.10944929389283853;-0.2982548086566127
2.1970037751334226E34;4.554601951708673E29;1.7717417140884046E29;0.04185165932036229;-0.11239010979291203
