mass;r_x;r_y;v_x;v_y
8.40559302110212E34;-2.1725546116460178E29;2.9939227058423478E29;0.13500363223094491;0.09696861208174205
6.605347498236639E34;-2.0740066516018E29;2.7930363257899844E29;0.1561978546237731;0.11479949577928318
8.105190059960927E34;-2.1501676896438652E29;2.815782952328464E29;0.21650502563999088;0.16378161915584627
7.291573202428317E34;-2.1779172894469013E29;3.254941239611642E29;0.10144593854520134;0.06709483559786321
8.984375151512558E34;-1.90610692421595E29;3.197794145918975E29;0.12704259444853558;0.07456974442442756
8.416459905971645E34;-2.1484856252911722E29;2.7501091175436303E29;0.17537621024727942;0.135789846292174
9.503799347613784E34;-2.3595089089633326E29;3.017906376319986E29;0.13801140153106353;0.10703014451598172
5.16289007585439E34;-1.9856783639887807E29;3.2867411088420754E29;0.16705677539498245;0.09947039251417544
9.71519740617585E34;-1.9050223966998605E29;3.0161191295457697E29;0.11542121715728344;0.07186025630102406
