mass;r_x;r_y;v_x;v_y
1.712514699072946E34;-4.967800813714414E29;4.986095913469787E29;0.09239262716494981;0.09191655319982274
7.139810861852001E34;-5.360109409698581E29;5.085787048450542E29;0.08983312716809991;0.09460274949389687
1.6876989337914965E34;-4.8105256707212594E29;4.6420419997480004E29;0.0963478856430688;0.0997358654500453
