mass;r_x;r_y;v_x;v_y
8.038106191869756E34;3.851596565679106E29;7.886856236895943E28;0.036023211287208576;-0.1916108645456738
5.7728370973927425E34;3.977454820730771E29;9.965347998764374E28;0.04389799453229838;-0.1879052989801809
4.653417556298015E34;3.763942495673277E29;9.129971562681924E28;0.03195354564114338;-0.1421315400260433
6.505745013448171E34;3.8706142298755224E29;1.1002409727663888E29;0.0459145566604097;-0.1723849200661358
9.39301715778956E34;3.6908241540157636E29;7.420378846262422E28;0.02099020896152976;-0.11431078799356588
2.169374615615155E34;3.837370499830758E29;8.87286093621806E28;0.04555299983252732;-0.2128793740205384
