mass;r_x;r_y;v_x;v_y
4.57036864604509E34;8.186050090343595E29;-2.8488930872325274E29;-0.037994756815796144;-0.1079623290526537
