mass;r_x;r_y;v_x;v_y
6.672182119048535E34;-4.8289541995876336E29;1.3452254245033207E29;0.032608185334082884;0.12035303194917667
5.608884049579812E34;-4.948610814147315E29;1.4091100820412734E29;0.05142624357449001;0.18540352275016234
3.267868379064729E34;-4.804059947422313E29;1.7845354388094754E29;0.0539768118504475;0.14789437126039956
6.700660701694355E33;-4.814735812908352E29;1.6607666303117556E29;0.049222746815930966;0.14557922383584118
