mass;r_x;r_y;v_x;v_y
4.424999575266252E34;-4.69632118656236E29;-2.8290128130360243E29;-0.131841414905195;0.21206130748065444
8.4399880191954E34;-4.835360107980425E29;-2.493456095144974E29;-0.07713150213271634;0.14462056944249962
8.922696920718378E34;-4.686031435398594E29;-2.6383131954353128E29;-0.07693337245027519;0.13221737711124543
5.80470010716444E34;-4.771486441756749E29;-2.7394767668621433E29;-0.06101140367404695;0.10292260680725279
9.245540608870897E34;-5.325011745691646E29;-2.4678501866629878E29;-0.06684671128334252;0.13959288743976325
2.3458722870456504E34;-4.946973742184876E29;-2.0799883935417068E29;-0.06940557173040662;0.15898907374344737
6.239381663825891E34;-4.830455893974641E29;-2.7485752731652835E29;-0.16287856146515775;0.27730226563763827
6.822586699708715E34;-4.654643929446817E29;-2.7374573081398333E29;-0.09611898139988981;0.15823996033078316
