mass;r_x;r_y;v_x;v_y
6.512537111986664E34;4.2517674579768165E29;1.2209324684602136E29;0.03787567612041126;-0.13986842909529193
1.601307954846713E34;4.772887949553674E29;1.452333576610316E29;0.055686920527435846;-0.19237219594178
5.30466160248922E34;4.8667645709269406E29;1.2483643772920562E29;0.047381771826200285;-0.19533860254500632
8.907033410374874E34;4.567832158042935E29;9.360077531990102E28;0.028584903028976743;-0.14986383626353061
2.2776406570859096E34;4.760526603180933E29;1.3791789554451601E29;0.04481071014713322;-0.16292279477120056
6.949042309803015E34;4.367907330310715E29;1.07239287784148E29;0.03315830133552367;-0.1440729708966645
3.101794484202769E34;4.606131187930455E29;1.0403774066404518E29;0.04035641002971823;-0.19077480556812212
6.504178081201578E34;4.738628606626781E29;1.2593437915171301E29;0.03044657615419129;-0.12114342661721175
