mass;r_x;r_y;v_x;v_y
6.822521161577404E33;-4.113831946148278E29;-6.75293371828752E29;-0.10368493736557671;0.06175057480139162
8.101900998577038E34;-4.155228600381835E29;-7.705403139816565E29;-0.10112104643447281;0.05336995880807662
