mass;r_x;r_y;v_x;v_y
2.9991607784004985E34;4.091211345949291E29;-3.180673032375656E29;-0.1450004057565968;-0.18614608847620479
2.335620882351853E34;4.271453616442375E29;-2.8066804854456473E29;-0.09781574196422137;-0.14815805306439583
5.933390949242329E33;3.836606642193633E29;-3.2427649983417074E29;-0.10142773122022346;-0.11992121026645408
5.546088039185224E34;4.035610824453711E29;-2.7908262161793762E29;-0.1130039372764426;-0.1627464051208897
8.159380097777655E34;4.091615205360354E29;-3.0905058539705992E29;-0.08802972328613859;-0.11626184737941811
