mass;r_x;r_y;v_x;v_y
2.1377557156841986E34;-2.8892745548066678E29;-9.288679428826836E28;-0.0705304790324398;0.20316185505896844
7.541475367577836E33;-2.8105555378971596E29;-1.1864069954991102E29;-0.05490119494876579;0.12180112595404224
9.262491503450378E33;-3.078890330443533E29;-1.1040950416669063E29;-0.06129318686324139;0.15986475957096066
4.015970169747553E34;-3.0041913207215656E29;-8.475697589700733E28;-0.04690618699885341;0.1532904174387694
4.955184402130435E34;-3.0474326550716568E29;-9.462705861933052E28;-0.09700518705967182;0.28990650465007695
9.876012341598309E34;-3.051637450942904E29;-9.890425742265371E28;-0.08873864078492463;0.2546762533750252
3.799097312929874E33;-3.021297316584736E29;-1.0172337232191023E29;-0.12632355271333343;0.3494152918329847
5.334052615365708E34;-2.9023160250087126E29;-8.71876167177589E28;-0.03296702819670853;0.10127583727240812
4.0915015340382526E34;-2.8384687391405485E29;-1.2303035764804907E29;-0.06280292456922351;0.13593219924887956
