mass;r_x;r_y;v_x;v_y
1.4519087422360185E34;5.6669281891433354E29;5.549808157296094E28;0.013168432049802194;-0.1503127306076313
9.392710861436647E34;6.564355549157186E29;4.651311698657806E27;-1.5093298470207755E-4;-0.14883098260241415
4.133964348595231E34;5.7237088367346545E29;2.8748742332788507E27;-6.087575251607507E-4;-0.14381989284923688
7.570917774154815E34;6.072125055102147E29;-2.0365904361248936E27;-0.0017260106393040325;-0.14381947278505555
7.858347912762944E34;5.7353104513347976E29;4.46562878774584E28;0.010339056816275383;-0.1523440296634054
6.304945480756742E34;6.275486480653319E29;2.4832044757691745E28;0.004418670446167801;-0.14350364603821927
