mass;r_x;r_y;v_x;v_y
7.940403131892472E34;5.651835492533387E29;-2.04612996753887E29;-0.05011667307692574;-0.13636334306489545
3.258872221356677E34;5.934408858114935E29;-2.3380467888148423E29;-0.05416584554262238;-0.13578988908618989
