mass;r_x;r_y;v_x;v_y
7.831167952598865E33;-7.357095494924285E29;-2.5945577391315488E29;-0.042747563941430394;0.11780315904196548
2.1446268499936007E33;-7.024663699170419E29;-2.605847222062065E29;-0.04588014420462317;0.12016325208465727
