mass;r_x;r_y;v_x;v_y
4.296836890220298E34;-3.601899353695192E29;3.4898623303094296E29;0.10766841728469649;0.11095534851013836
1.391985518722578E34;-3.592364053382106E29;3.6113857713347966E29;0.10990639961383325;0.10909883818597386
7.53668053674363E34;-3.831848552424894E29;3.6891119856563614E29;0.11451895248694821;0.11879037136793359
8.680469184729604E34;-3.5461588543172804E29;3.727384211323205E29;0.12338319023473736;0.1170582023089743
9.217692148601816E34;-3.470288237988589E29;3.2624095773954664E29;0.12863575045631095;0.1366827969477721
9.86068850261201E34;-4.087340970912704E29;3.5974205126149175E29;0.11363432097784051;0.12911385790754482
7.38333424751996E33;-3.427984344160177E29;3.575750821909737E29;0.11358766657245267;0.10859309105674833
2.1167450577746526E34;-3.335884350866584E29;3.523901992212615E29;0.11307532873410736;0.10671761005207381
