mass;r_x;r_y;v_x;v_y
5.342069494192794E34;-3.348951205752013E29;-2.0835784291268247E29;-0.10576873862296492;0.1627804102430873
8.635823672131606E34;-3.1463060110332797E29;-2.0611190744462045E29;-0.09455694871561049;0.1380084387896171
7.790602988938206E34;-2.8788753457766433E29;-2.0433425303849658E29;-0.10936276679877405;0.14702142879890812
