mass;r_x;r_y;v_x;v_y
2.3081989280656244E34;-6.80741737874531E29;1.1597666286665075E29;0.022150637965360605;0.13506280971709417
2.3254776322999317E34;-7.67405987384208E29;2.20519282886259E29;0.0331620306682308;0.11732828634908844
