mass;r_x;r_y;v_x;v_y
6.263513618681086E34;-2.1840171032823493E29;3.5732144696011634E29;0.1803177662818825;0.10878864461579538
9.411670357336776E34;-2.24719694806362E29;3.7190345671371084E29;0.1726122165459748;0.10297219774048465
5.4299614681776E34;-2.1658330831871054E29;4.0142783341892945E29;0.12264172999004155;0.0651897343457424
7.010897857861259E34;-2.271022647854888E29;3.303352694786019E29;0.16390773237606726;0.11148681916756711
8.94487030529712E34;-2.1292318566115815E29;3.622759454177763E29;0.17519574122868567;0.10154244040985229
1.6428398195282507E33;-2.3932412671637964E29;3.485113167781408E29;0.14644862361578193;0.09955125275553453
6.177761832347687E34;-2.564227188424026E29;3.670350452429962E29;0.13461901703553086;0.09318713110413632
6.246985863489897E34;-2.4577573878978175E29;3.3464169985530185E29;0.14048764651730422;0.10227348248003915
4.443067398521433E34;-1.847371924572376E29;3.8301018573456414E29;0.15250131811149245;0.07215566229766274
