mass;r_x;r_y;v_x;v_y
1.9034144706053527E34;5.908307200835069E29;-4.217025297356011E29;-0.07485638418550647;-0.10462893173409693
