mass;r_x;r_y;v_x;v_y
9.346835386524535E34;-2.6915513423142833E29;-5.37742051082487E29;-0.12597261956662004;0.061034812887501046
1.2417715109984371E34;-2.4825668028000304E29;-5.3180053648586944E29;-0.12521331424680734;0.056466193449133194
2.423109630300709E34;-2.5702570691842953E29;-5.199602202978808E29;-0.09481646095885808;0.04530509538739367
