mass;r_x;r_y;v_x;v_y
7.228669957674559E34;-1.6645011339263297E29;-6.60336078912884E29;-0.14010271477303002;0.033762826867010834
2.222914768379959E34;-1.8339817581600586E29;-6.453641478989481E29;-0.12454078780331913;0.03394702855380122
4.038543478749214E34;-1.4316218953593165E29;-6.615241817829027E29;-0.1470038258397114;0.030229052669396753
