mass;r_x;r_y;v_x;v_y
2.7122955518528398E34;1.5749258040960634E29;6.740958563329232E29;0.1745557439525515;-0.042682285661934084
6.440016505523706E34;1.5455662240443319E29;6.598677451682289E29;0.12894203771920557;-0.031635830975326754
2.786914817714499E34;1.3996289771750544E29;6.441316478306513E29;0.11879446155209968;-0.02715021614140969
6.624219932888035E34;1.8198313323405514E29;6.854905760948613E29;0.14016440806941324;-0.0387456159889225
3.392843706380566E34;1.596902687088227E29;6.403515826188285E29;0.12475354016209265;-0.03255738226203395
4.272861372408393E34;1.6826735391390136E29;6.2949443216697975E29;0.11268943290651585;-0.03146905125961953
1.6013801310585844E34;1.914793640377526E29;5.9943741062638416E29;0.12237367135808329;-0.0406834306086767
