mass;r_x;r_y;v_x;v_y
8.01637627331198E33;1.944962185391064E28;-5.2227761434462825E29;-0.09172361214173952;-0.004430581619514152
6.010610713909753E34;1.189247496493054E28;-5.2971406682819576E29;-0.1472473559953098;-0.004933922468483358
3.8702006898625655E34;2.823529538288567E28;-4.8791606849841355E29;-0.139838109919862;-0.00971607508897846
3.02421739740236E34;1.7853519267401052E28;-4.718465794761002E29;-0.13732524246256422;-0.006875020383936238
5.032662228432374E34;-5.523419218998644E27;-4.7013248177855954E29;-0.15179024560892168;-1.6345077496962614E-4
5.482602338829445E34;2.6684677989948574E28;-5.3522588975749045E29;-0.15769970940564632;-0.009545751473977855
5.861029413622386E34;4.487706870306812E28;-4.9873850248118964E29;-0.14549621811080257;-0.014695765252831845
