mass;r_x;r_y;v_x;v_y
8.007865068605541E34;-2.7306496618911327E29;-2.8074786050700046E28;-0.01215034589967334;0.09714680169394056
8.47190217045132E34;-3.1409414208471347E29;-3.9111781006768527E27;-0.004169643582457324;0.13910017868368632
5.939655373339016E34;-2.7967437395526802E29;-2.1732353351018095E28;-0.021259685773415783;0.21502024574370726
1.835004011767515E34;-2.8087694199848635E29;-2.3461301001155407E28;-0.055088805016143286;0.5260026649531437
2.4984745292945793E34;-2.9415207664411227E29;-1.472991355720122E28;-0.009440599946402383;0.13563991215564905
8.226043548446182E34;-3.1022685977010384E29;-2.1383416902827617E28;-0.008760199931757903;0.0997799199508342
3.1373469743514696E34;-3.031784371870508E29;1.170798108664022E27;-0.0014510538163577226;0.1038379433768541
7.990039923898912E34;-2.780634216819936E29;-4.054732533650922E28;-0.02788631289135643;0.16537566502977488
6.519359650675486E34;-2.7629701518146405E29;-1.8232822594106257E28;-0.020477094727675015;0.23493724444047465
