mass;r_x;r_y;v_x;v_y
1.8026963302277303E34;-1.2991819720942466E29;-6.086290246383971E29;-0.14002890861147443;0.02825492604690254
6.467824005415065E34;-1.4553957507156623E29;-6.0812777904791485E29;-0.13528658302273552;0.03076536801144002
