mass;r_x;r_y;v_x;v_y
1.9167899874410157E34;3.0458842324126646E29;-4.309424428936329E29;-0.07949495718854052;-0.05660090665642269
5.671444522665356E34;3.3541310532093786E29;-4.475729477601595E29;-0.17660167640794905;-0.13314395971527057
7.1279714840676285E34;3.2599676821358795E29;-4.482335109008685E29;-0.12429632877174841;-0.09099277779426417
8.697273465948719E34;3.1267283366898737E29;-4.466380532909921E29;-0.11582223061456182;-0.08167404434814897
