mass;r_x;r_y;v_x;v_y
7.763779455808576E33;-4.4909946917297615E29;-2.5035718550143012E29;-0.05691389811409561;0.09862512250984347
4.851358153921133E34;-4.064047196894938E29;-2.4505279227564546E29;-0.0782517309273678;0.12513020786937384
4.5708493285337805E34;-4.259912827968783E29;-2.556224163246687E29;-0.07913884438234477;0.1273630557355842
