mass;r_x;r_y;v_x;v_y
7.394399025996892E34;-1.608791021416603E29;3.7599342537984746E29;0.12239728652754477;0.05113020858279088
3.3269297602381393E34;-1.7003068502493125E29;3.1447017628387884E29;0.13298408007988502;0.07054494972727822
5.299685969886003E34;-1.4632527994184954E29;3.296853590651917E29;0.19617097210455497;0.08484589311101914
3.9522974164152104E34;-1.7210896227531993E29;3.768599814875882E29;0.15545040774477162;0.06948490733824081
2.6528504407776014E34;-1.5536354383689829E29;3.4847576545055486E29;0.1718211993983894;0.0747706382309989
5.263221450471716E33;-1.790687117228315E29;3.136037719569027E29;0.12211117041259376;0.06853917514096139
2.8135540360383576E34;-1.611600192767017E29;3.369761970616508E29;0.11619247889004641;0.054346895614309255
3.943966054516232E34;-1.620793614359171E29;3.442521950490129E29;0.17854818016490714;0.08220412195308181
5.001252195954677E34;-1.4803821393648589E29;3.236531983503273E29;0.14098631336621473;0.0628921232182715
