mass;r_x;r_y;v_x;v_y
7.341165709243851E34;5.7319574612427275E29;-3.823990717281625E28;-0.011224886451760518;-0.14925044062477386
1.6840199036156982E34;5.765895646028197E29;-5.398483967877642E28;-0.017245599178991426;-0.16941593395487045
