mass;r_x;r_y;v_x;v_y
9.814353477715088E34;-2.459294133754182E29;-4.011016323242072E29;-0.14737166900299828;0.08698677768858241
2.7011893556156836E34;-2.5187194281955056E29;-3.909741521424138E29;-0.1153170415451021;0.07153504081365246
7.603506560037499E34;-2.9714893246171688E29;-3.890349326172024E29;-0.13369138534920894;0.09869043982153122
2.1514760584382696E34;-2.6233929740817324E29;-4.052933699660924E29;-0.17188051688150513;0.10728659348683253
1.504041367455306E34;-2.591936867265193E29;-3.962330114432176E29;-0.16091164292593543;0.10144562820562472
6.409998017451195E33;-2.6431938963635978E29;-4.3113935130889946E29;-0.144869319181115;0.08572884648403187
5.355199844139808E34;-2.25222762427258E29;-3.939420649721725E29;-0.12218143079691522;0.06707477978701065
