mass;r_x;r_y;v_x;v_y
9.974476309603373E34;-3.9282178271417996E28;6.571592549198744E29;0.15234298130928395;0.0077702252089477475
6.362194091696209E34;-8.050578596933438E28;6.210275119229957E29;0.14097939070326845;0.017051673161656976
6.870107132697996E34;-3.966228799985692E28;6.314163611451036E29;0.11625030145062386;0.0062436963127577615
