mass;r_x;r_y;v_x;v_y
2.533238621357042E34;4.77903005015834E29;-5.048969588900587E29;-0.09664560071392066;-0.09166733727496905
