mass;r_x;r_y;v_x;v_y
7.095824957852826E34;3.3055069377747836E29;7.768694424616314E29;0.11702002146051993;-0.05104983545978246
3.739149680350355E34;3.10875867120347E29;7.465339088275625E29;0.10692772072768571;-0.04571789938330958
