mass;r_x;r_y;v_x;v_y
1.5173259925965494E34;3.432898102896411E29;-5.877179607374052E29;-0.1864972946256439;-0.10985445455677083
6.988528050014653E34;3.7063686314458834E29;-5.9190401638318425E29;-0.13713029029928545;-0.08648832565175134
8.935935695165844E34;3.521629515743322E29;-5.836271127099685E29;-0.09233355288067216;-0.05615707995767509
2.3621543427287296E34;4.326045953059282E29;-5.746600638834609E29;-0.10269738643287295;-0.07766980286930307
