mass;r_x;r_y;v_x;v_y
4.5151391993125355E34;6.452112062687411E29;1.9176167416331326E29;0.03590626740228769;-0.12542382800052018
8.137312984701294E34;6.759366175320058E29;1.5332723848037819E29;0.02849058813844596;-0.1312786870364161
6.488552569824205E34;6.951473433839047E29;2.5572030802312467E29;0.04254991345817353;-0.11915176652696748
6.075836112112937E34;6.552735926609427E29;1.0788160626396778E29;0.020354721502359018;-0.13124962491503822
