mass;r_x;r_y;v_x;v_y
2.8846016156873966E34;-4.3207621558179845E29;-4.088241488360214E29;-0.11245265821490338;0.11568208630068477
9.08492603849366E34;-3.8978536921316305E29;-4.394236666386568E29;-0.10907571700992745;0.09411602868001641
2.135574461633266E34;-4.273157662677762E29;-4.735720594233737E29;-0.11184200045576459;0.09838653455575702
6.5917705020255145E34;-4.065876858538775E29;-4.321046137077198E29;-0.11963591389213887;0.10955052248107722
2.3658890047078783E34;-4.077226169445165E29;-4.879772589976502E29;-0.11382312962896499;0.09268449087742689
