mass;r_x;r_y;v_x;v_y
1.8495662150826178E34;7.212419965881475E29;-2.546953917079134E29;-0.04240925471520118;-0.1186195931810379
1.7763668026187977E34;6.875060013170568E29;-2.6170617823534982E29;-0.044882631547436234;-0.11657133183156629
