mass;r_x;r_y;v_x;v_y
3.732375717025502E34;8.239721173960772E29;-7.324378131066671E28;-0.011098366174818417;-0.11724689362227908
2.6421555955002226E34;7.501315148889565E29;1.761155329913908E28;0.002073181734566352;-0.12757312681548885
