mass;r_x;r_y;v_x;v_y
6.724321394111953E34;2.2408308717122694E29;6.16582024895209E29;0.1258709626393299;-0.04738619934711941
7.871146558943282E34;2.78708379797014E29;6.901368102609686E29;0.11919912171895711;-0.049562691011966975
8.75085528277757E34;2.6991108837760308E29;5.820236659172035E29;0.12257441303578458;-0.05865085461874202
1.1222120909421984E34;2.7294132257704996E29;6.221027130822636E29;0.12791833360317426;-0.05785898055451743
2.4519687952154386E34;2.594555667862523E29;6.557357642585024E29;0.11819340499049957;-0.048245190919532055
