mass;r_x;r_y;v_x;v_y
5.890151659247008E34;-7.195328880508008E28;-7.751817209901539E29;-0.12325167335012693;0.010409275579913196
