mass;r_x;r_y;v_x;v_y
3.014020171014265E34;3.8025692666796704E29;-3.879222438860404E29;-0.08478350795574095;-0.08328443236936629
4.1471954602825835E34;3.808036579130612E29;-3.676897264783423E29;-0.10810886049575734;-0.11211605160445702
4.8978064342764255E33;3.975110429335719E29;-3.892553370964759E29;-0.12625405306157353;-0.12912355088376004
4.942183528701831E34;3.949722055394342E29;-3.627154639368072E29;-0.11676095909437817;-0.12722043877036449
2.3514262572353416E34;3.765507382959043E29;-3.520032246976856E29;-0.08644330042720266;-0.09255406763962151
8.354292438678951E34;3.496450512797765E29;-3.818095214387721E29;-0.10943488236438242;-0.1005439536645524
5.014981952677045E34;3.8283562345790366E29;-3.978647409307944E29;-0.13531976825384212;-0.13051467890109816
1.0032054517036993E34;3.716151058454819E29;-3.647296548251333E29;-0.07854264004668125;-0.0801552324083031
