mass;r_x;r_y;v_x;v_y
4.1628000874680355E34;3.318763290870419E29;-7.943456216285553E29;-0.10991614099599813;-0.04644667269166487
