mass;r_x;r_y;v_x;v_y
8.98147121126508E34;6.085649364104003E28;-4.269895254929916E29;-0.1687468358387868;-0.026110258181769163
5.462695162281341E34;5.327601980176175E28;-4.088776809450712E29;-0.12841668375590135;-0.01838860617679048
8.205427226388184E34;9.71057698289026E28;-3.678568851998742E29;-0.11221511143170432;-0.031014515895112654
4.698241464734861E34;4.214372077277526E28;-4.1535440183349196E29;-0.16567019592196017;-0.018973782755267943
6.788007592623231E34;1.0004426282501458E29;-4.042751025969954E29;-0.17346442895189443;-0.04492462650810737
1.7479833893587464E34;5.928054501130959E28;-3.722207588965523E29;-0.17939468291266894;-0.031035684042921962
7.303559471680081E34;1.0365354812355388E29;-3.757947495038322E29;-0.17994006289886982;-0.05178826998821001
6.879453069259772E34;1.071586513953315E29;-3.887088064033417E29;-0.181549512036258;-0.05215395583384309
