mass;r_x;r_y;v_x;v_y
5.890651875317034E34;-2.6887181243706444E29;-2.134049355325148E29;-0.11505310899081088;0.13825452697587987
9.688297808769754E34;-2.683233039689965E29;-1.93295162787655E29;-0.24439046102917827;0.322732907055069
4.763649573362198E34;-2.7375156284662577E29;-2.1407389539062044E29;-0.1868555156711836;0.22800783028475174
1.0985304173341848E34;-2.5258242531476654E29;-2.222510354778207E29;-0.08339167422123961;0.09034403537271356
6.184723520125436E34;-2.5697324716674907E29;-1.9794600734313103E29;-0.10349810010338906;0.12776946703196548
4.187894372859185E34;-2.657372576609489E29;-1.9311127203300606E29;-0.323112068566592;0.4228742596108421
8.521289383887429E34;-2.683470660642163E29;-2.2694829718800117E29;-0.12576960572617732;0.1420356951359425
7.612942662009348E34;-2.450526852113088E29;-1.96788847879285E29;-0.10841985722746868;0.12821713549675456
9.389853273595963E33;-2.6768212278080768E29;-2.150368514478804E29;-0.38012071330442665;0.4513402770596388
