mass;r_x;r_y;v_x;v_y
1.9213377946413948E34;-4.174442155943371E29;4.9311145186545265E28;0.017779157699209604;0.16628401371449408
1.951249670188936E34;-3.907788898547235E29;5.614497024438959E28;0.02211616447524631;0.16742903806477383
5.193204581360436E34;-3.938818656145484E29;3.4939669528942717E28;0.01233761127625036;0.16156851769214894
5.467979703472176E33;-4.1422452197252015E29;4.729927757723713E28;0.013990431938564373;0.13604734338628624
9.104290525331617E34;-4.327294851421515E29;3.1350778093782335E28;0.008480846074706009;0.13903400344923728
4.396344556120674E34;-4.212571792276659E29;5.930471369412984E28;0.021316031118302773;0.1639611373353134
