mass;r_x;r_y;v_x;v_y
8.36991814572642E34;9.09065462778985E28;-5.055890756364151E29;-0.13654699666196327;-0.02590881788795375
2.08835496622E34;1.1692906708188202E29;-4.98998286459141E29;-0.13883797064130318;-0.03385169877421632
3.832882975133746E34;1.1123725967635979E29;-4.3929441594774244E29;-0.8347426085758953;-0.22017233511952092
3.51144533419603E34;1.2014576057477855E29;-4.5966998427385555E29;-0.15530238374320676;-0.042143063926174236
1.906388384900385E34;1.081389850067595E29;-4.665135509561948E29;-0.15593379155124198;-0.037732641461224764
4.006183575717825E34;1.100179247309847E29;-4.396954249564246E29;-0.8186923966101417;-0.21350114741164056
