mass;r_x;r_y;v_x;v_y
5.6092191808599876E32;1.9311690874951593E29;-5.79623826325483E29;-0.127837294230487;-0.0435237614962421
3.941806630800061E34;2.3497877463896146E29;-6.594707659138483E29;-0.154719053815395;-0.056091797291628664
7.734876625588899E34;1.835090695367182E29;-6.391806315009253E29;-0.1471148511683165;-0.04326554413783409
3.253854256336164E34;2.1327172003441545E29;-6.2733315009185754E29;-0.1111975530130867;-0.03854607225754431
8.084458850678459E34;2.3127285431106045E29;-6.257325617149018E29;-0.11604503210482617;-0.04363868971190663
6.155137939267895E34;2.308028887111476E29;-6.37163539971174E29;-0.19597738854467428;-0.07224266388722116
1.5431969194693737E34;1.7571213668047696E29;-6.1931066886172405E29;-0.6893759413935253;-0.20058533042556337
2.0112140457712226E34;1.7642537605616218E29;-6.85107446389062E29;-0.1351636178580271;-0.035719823314033325
6.136191596496473E34;1.7355678151157778E29;-6.185633924517352E29;-0.3396346509392401;-0.09776734162766376
