mass;r_x;r_y;v_x;v_y
2.1311233391286945E34;-7.84874428069003E29;4.120891287214382E29;0.05280055647314282;0.1010977691332166
