mass;r_x;r_y;v_x;v_y
3.595542079538625E34;-5.1694999097317484E29;1.9270882807749274E29;0.06646017702114168;0.18120633635587394
1.666256575135187E34;-5.251961205319838E29;1.652490989436015E29;0.047147624994536334;0.15305329418623628
2.0079303511306258E34;-5.1025222305077546E29;1.8887550008945306E29;0.025669802627159483;0.07051473633666487
