mass;r_x;r_y;v_x;v_y
1.9732683302633217E34;-6.731160806324652E29;-8.527657422314466E28;-0.018783881250341507;0.13830467950629122
3.4123516259950447E34;-6.178381480428459E29;-1.1929634662128612E29;-0.030146770175863365;0.148001548593153
8.039193141680764E34;-6.065938434559808E29;-5.063111495282038E28;-0.013919008023422075;0.14939307041955402
