mass;r_x;r_y;v_x;v_y
5.761299753269908E34;1.684170707005845E29;4.7342356393950705E29;0.1644836770391777;-0.061300059162405794
2.0619547316992237E34;2.12502551094164E29;5.326189433252181E29;0.1391262322999233;-0.057660920892410386
8.9899060930167E34;1.5529418198386463E29;5.0916043975532866E29;0.05794549719180829;-0.01855424913596246
3.5292548467771517E34;2.1661259914504632E29;4.868116031909205E29;0.14086589188150925;-0.06513865069777175
9.481678503142208E34;1.619694582386303E29;5.221471215921478E29;0.1572043012220113;-0.05110267156498533
7.280171583653215E34;1.727694949587728E29;5.3173952204550714E29;0.19344695389614452;-0.06570703963637288
9.150274464919014E34;1.346786319940288E29;5.227395058943877E29;0.14904533383243898;-0.04053364199240052
