mass;r_x;r_y;v_x;v_y
2.871088644971118E34;-7.108908643247465E29;-4.578080976444814E29;-0.06484087880493383;0.09868357856825538
