mass;r_x;r_y;v_x;v_y
2.802083350355274E34;9.004507399915089E29;-4.1140965845642724E29;-0.044092051553571834;-0.09590997836432599
