mass;r_x;r_y;v_x;v_y
7.181216493814195E32;3.7738678955453597E28;6.21192441597318E29;0.11778974944869318;-0.008372129758930386
7.557281661487274E34;4.775400998615812E28;6.610326745644342E29;0.1697667777212293;-0.013926371667895844
9.527899911141123E34;2.514301636580489E28;6.509800021564652E29;0.23410508950858008;-0.011304806342559941
8.779676674926932E34;-6.016131270794773E27;6.835886643457159E29;0.15096249013385607;-4.288522648601528E-6
5.892068435972283E34;3.2388494385262924E28;6.501591038770381E29;0.26407906380056206;-0.01573570091885309
4.3380255207899615E34;4.513974807210733E28;6.678046651631979E29;0.29435248788263724;-0.02273804078516933
