mass;r_x;r_y;v_x;v_y
8.631144044738301E34;1.0169498369076444E29;-8.00902571593995E29;-0.10935466579670922;-0.014612310025051449
8.127767888321837E34;8.443879650065322E28;-8.296634855552368E29;-0.1325011577455338;-0.014357039195046472
