mass;r_x;r_y;v_x;v_y
3.4514591577313334E34;-5.4923485406464945E29;-1.297127465185024E29;-0.03800878232813325;0.15289528227800836
9.69738755484802E34;-5.82428401520949E29;-1.3687039751002763E29;-0.03604145955427035;0.14609697166291558
9.552152133864384E34;-4.957505011417978E29;-1.9253694204296007E29;-0.05708108888514291;0.1412789841464034
1.2835887249861954E34;-5.0476321967274964E29;-1.1980171874627221E29;-0.026330698835617863;0.10494998574788947
4.0719460681862443E34;-5.2340417376571114E29;-1.8433587077085472E29;-0.057266876077914926;0.15621769577855998
9.804027452698284E34;-5.2014494812113465E29;-1.2344241611268391E29;-0.03916108367225907;0.1563546014886923
7.990036540458223E34;-4.9391372886653655E29;-1.513470699019263E29;-0.04748148218051264;0.14785954758472808
