mass;r_x;r_y;v_x;v_y
4.337988822428346E34;3.690856825257143E29;-4.4785055915656306E29;-0.0940173899384721;-0.07782425408114917
7.1437597323799E32;4.231031651313778E29;-4.529609272022013E29;-0.1160380883747265;-0.10865841154396953
6.183339116511438E34;3.854338307732729E29;-4.563148151768754E29;-0.15643828505026475;-0.1326597487387586
7.802583307810979E34;3.932534157990637E29;-4.532052389787423E29;-0.16982197591292136;-0.1478818297926963
7.814078245862891E33;3.540939717163116E29;-4.641087473820681E29;-0.1331744836064204;-0.10216613829125944
