mass;r_x;r_y;v_x;v_y
3.723524022614135E34;1.5806300090318967E29;3.0340692700337973E29;0.12261487550195152;-0.06750083609787443
3.2383856646345354E34;1.387565417401224E29;3.126773733370466E29;0.2548869087252787;-0.12007503444017392
7.407492739208006E34;1.0869855101449929E29;3.251445944467663E29;0.14407527371243314;-0.051686104923728146
6.7882991486944795E34;1.2346777321806608E29;3.1601203361456372E29;0.1488926259108948;-0.06206230013996707
5.099859616391633E34;1.2446580636823325E29;2.9312359033092194E29;0.12570504459011167;-0.05700011868734881
8.407348720446287E34;1.3358402839977504E29;3.10089768766718E29;0.07398992139162663;-0.03389619950193773
9.194987518801645E34;1.6803513272260776E29;3.300244956602528E29;0.13815876078729464;-0.07406611801214222
