mass;r_x;r_y;v_x;v_y
4.687236422981425E34;-2.3686504403029828E29;4.11285162102434E29;0.14712408603348043;0.083654624253277
5.604974825385396E34;-2.5621754798491247E29;4.094290696784815E29;0.14474123019246404;0.08960935541223838
8.4499619276417E34;-2.5486050990593473E29;4.493421033474005E29;0.140807122083368;0.07890732273479775
7.443230168158661E34;-2.924864572491917E29;4.7087821145422405E29;0.1304289746763724;0.0802515534423698
3.1995892495878976E34;-2.512144100343404E29;4.8479641644004826E29;0.14070071298323644;0.07194741237013219
1.04817202294497E33;-3.0553825972360295E29;4.382724760209539E29;0.12400595110636602;0.08578402571525846
2.3571221098997662E34;-2.9667618063931708E29;3.8850006930499E29;0.14107029383027467;0.10700221535720948
5.015733560106656E33;-2.8941380086880315E29;4.154713953607917E29;0.13413806069922135;0.09267826605387432
