mass;r_x;r_y;v_x;v_y
9.000088569611404E34;-3.0242744431374218E29;-5.487463658146954E29;-0.12681536552596953;0.06783817769090855
4.639181126252861E34;-2.7941447539672805E29;-5.8274214705691106E29;-0.12885285298372023;0.059900957818121436
9.545950201518716E33;-3.239165139233525E29;-5.579728194029089E29;-0.1401416252730738;0.07908520445599433
