mass;r_x;r_y;v_x;v_y
8.624504063341761E34;4.601267428171932E29;-2.52557505083025E29;-0.08116577919817518;-0.14672064138491656
3.2195808398834717E34;5.0727897443301965E29;-2.1809702917372846E29;-0.061854031206002004;-0.14211144657608482
6.934402560871485E34;4.9245221879619876E29;-2.592963778794461E29;-0.0800482365521691;-0.15079407310977996
6.539365986579004E34;4.781784274854721E29;-2.761453731974229E29;-0.08395985580404429;-0.1444371974718588
