mass;r_x;r_y;v_x;v_y
6.7283903531486715E34;-5.891655919425614E29;3.769339016327353E29;0.07213589755832867;0.11319537555599843
7.561112510276935E34;-5.559068008024122E29;3.225522614605299E29;0.06908897604359353;0.1197558779856634
