mass;r_x;r_y;v_x;v_y
3.325925162339651E34;-3.2627112644829724E29;2.6940886433508886E29;0.08963345559231797;0.10869135311400292
8.151910195064994E34;-2.814397821749799E29;2.303527046340691E29;0.14669831861947286;0.1795380077652455
4.547130957130792E34;-3.0154813889319504E29;2.2207779162225613E29;0.09429731185250696;0.12856036362282944
4.2223370174598485E34;-2.8605815229466497E29;2.8057480786704636E29;0.10347063479619557;0.10526414653410637
4.378426146099087E34;-3.0336335233832657E29;2.3739365829391787E29;0.10803477065891075;0.13841377746020087
1.914075538893E34;-2.901127035717704E29;2.3560700162645675E29;0.13178868079958192;0.16257401948502373
4.6165068956210936E32;-3.11856679247916E29;2.675094751181798E29;0.11148007351457134;0.13003339255240087
4.680510132643975E34;-2.952154854433794E29;2.6211960015279136E29;0.12647807790247315;0.1424277472269776
5.454347269825013E34;-3.009041335916406E29;2.6032142267773917E29;0.14421746760675386;0.16676669943297695
