mass;r_x;r_y;v_x;v_y
9.7471680259258E34;-1.732187332914889E29;7.35419409609752E29;0.12933479063880549;0.02961612374199678
1.009928649634293E34;-1.6359105263081947E29;7.201053048889894E29;0.07148664104928158;0.015757422287586625
