mass;r_x;r_y;v_x;v_y
8.068661238928833E34;-2.5404657471735324E28;-6.154246898706875E29;-0.14359653270093767;0.00448065732657144
5.78266231151086E34;-4.223403835066748E28;-5.753579845124933E29;-0.13692848178621506;0.008535880503889067
