mass;r_x;r_y;v_x;v_y
6.825711002734421E34;4.840210511420879E29;-8.821618444305304E28;-0.03297969798620261;-0.172782025113281
6.92305375568905E33;4.735148548560988E29;-5.72059507591651E28;-0.01838398757197983;-0.1409911122398774
9.713829768489208E34;4.648144374644615E29;-8.765313316967309E28;-0.02233791096811368;-0.11312350439400468
1.7902883722039025E34;4.551270189248023E29;-1.1173125843776443E29;-0.03559563394656292;-0.14023709479658375
3.846908523218037E34;4.845295146709023E29;-7.904803977490543E28;-0.03287184067395366;-0.19112891305717367
8.115195629650162E34;4.8721395114174904E29;-1.1574832621224373E29;-0.03880408885845121;-0.15808920451398548
1.9855830879883665E34;4.899192588828382E29;-8.130471166719508E28;-0.04786830964555509;-0.27405171622862545
