mass;r_x;r_y;v_x;v_y
2.8964823486980286E34;-2.4923284261999058E29;-1.319951847219005E29;-0.08159373370617459;0.14450647870916178
8.738827267755162E34;-2.3969741285954145E29;-1.3587793404275845E29;-0.04557967849547163;0.07542605181675108
9.694782269939563E34;-2.4386714993564466E29;-1.624456532378576E29;-0.06578056080514258;0.09325158583752427
9.002837336859667E34;-2.580061107343547E29;-1.441757057198102E29;-0.09344381741635914;0.15749355917782618
8.606848129415108E34;-2.6913451225013304E29;-1.4389996498303529E29;-0.12098540004158201;0.21331248696651164
9.330153188353396E34;-2.4861430074307145E29;-1.4393323672502048E29;-0.05864110765137724;0.0953064510702317
7.168713024166156E34;-2.625312356524011E29;-1.410638247217809E29;-0.12349153333277317;0.21637899517687703
