mass;r_x;r_y;v_x;v_y
2.4542197934291183E34;-3.506075870784321E27;7.323517306459017E29;0.14318362737596557;-4.981340687066675E-4
