mass;r_x;r_y;v_x;v_y
7.18916633712861E33;-4.780516694081177E15;-1.178426785271712E15;-73467.50244808634;276921.08204135887
4.396192651760951E34;-3.602231151044397E15;-2.1874797906658502E15;-142175.7401613254;227210.25188468883
2.133388715710619E34;-2.6936134720901215E15;-1.1695583251111748E15;-202106.97710283566;436682.7983500713
