mass;r_x;r_y;v_x;v_y
2.117781727501352E34;4.58165700465656E14;-1.855731092121733E14;-62073.89912206832;-83531.31906220035
4.0271589606811957E34;8.729752580487169E14;5.182269273037387E14;46487.38234103084;-91385.78930192233
1.3933242935051844E34;1.2970756998944248E15;3.735295515728263E14;35381.36929640938;-163599.35074503766
9.431341019541118E32;9.938561606557604E14;7.921615689501897E13;-4005.0891187556467;-134142.66802289986
2.0018573002629748E33;1.1009547941640934E15;-9.057514944516278E14;-102260.59147952331;-104657.11966837507
