mass;r_x;r_y;v_x;v_y
4.880243510922828E33;4.5212213546319E15;-2.229340125066717E15;-116326.5291402976;-221903.59394208266
2.7069730975379577E34;5.270604793791382E15;-1.5080205663302932E15;-86817.69452087856;-279867.42285539047
