mass;r_x;r_y;v_x;v_y
6.45674346235721E34;2.1660671244169238E15;-2.599543360966182E15;-243836.26365943943;-189335.10009935388
5.209836605542246E33;2.956739940120307E15;-3.1165413203209625E15;-252256.51351345878;-226332.77046897955
9.972803420002506E34;1.5847823697620295E15;-3.7607044085597575E15;-348715.08760697587;-137070.51745747274
9.781825841152936E34;1.7122507140920585E15;-3.1030961787275395E15;-158838.541321164;-81532.85582637641
7.657475397018849E34;9.826023804353615E14;-3.7317256242006585E15;-321623.93362957175;-76922.54022639434
2.0573293825045302E34;2.439659277425859E15;-4.293651301007021E15;-299481.0939964605;-161639.55915814952
