mass;r_x;r_y;v_x;v_y
9.523959761864005E34;-4.741646543517866E15;5.4804373246327975E14;31563.94443409883;343931.0894174043
