mass;r_x;r_y;v_x;v_y
2.3373320277554355E34;2.9092412116929515E15;3.306126231931859E15;216992.33698674143;-192952.28430683955
9.854278877375036E34;1.721463356491954E15;3.270791267198919E15;172917.70689571387;-90560.3234425638
5.427229444009668E33;2.379294341350142E15;4.4201490271855125E15;299677.6348944374;-160830.1546038924
2.7639763004079273E34;2.4159511960603795E15;3.961173374254681E15;249249.31664903503;-152066.47558823018
