mass;r_x;r_y;v_x;v_y
8.522299942603125E34;-2.7248060194814745E15;8.992013708330227E15;181364.812722043;56936.434970983544
