mass;r_x;r_y;v_x;v_y
7.655702364448347E34;-2.08652997306424E15;1.0830459094204565E15;33743.66159893154;74362.4185831461
4.340594152423293E34;-2.816075838613605E15;1.2615440997129178E15;82118.90660983624;204879.83384353586
9.072440538550432E34;-2.6015575097636445E15;1.9981522084033982E15;219084.12744710047;308849.2870245322
4.957038304813936E34;-2.001405689170212E15;1.7119463837660598E15;152942.18979761133;196865.09895784513
1.9422943233448478E34;-2.399123924547381E15;1.7057747335823775E15;135518.71002726397;208822.65487494424
1.8996064328766429E34;-2.290880089790393E15;2.093309334969575E15;269818.226689499;319947.40341208875
7.455236029758394E34;-1.9295367033700408E15;2.5750584428675895E15;231757.06359929056;187243.01761743485
