mass;r_x;r_y;v_x;v_y
1.4132740960493392E34;4.74493836647629E15;1.1853264736294396E13;-7424.85134376847;-365380.652292166
9.695483634580247E34;4.0401141001000405E15;1.666467050374883E14;2620.5891875995126;-174562.85449030282
3.525543188249305E34;4.556116428711415E15;4.0994881895207725E14;25848.054680843645;-383185.12288161344
4.528133266097595E34;3.964235871238043E15;-5.0168320848154306E14;-41163.48488054172;-263743.17232825665
1.4235562299986456E34;5.244257620111837E15;-4.5295518799421325E14;-26419.32814897948;-244402.46123591004
