mass;r_x;r_y;v_x;v_y
5.051127084195451E34;7.38775373236514E14;5.546547746787999E15;258200.42471485742;-32005.500580519627
4.918746703778151E34;-1.219100960682948E14;6.352010563807553E15;246723.7338243279;7364.764953929556
2.501032605663485E34;1.0296582914608338E15;4.4479988418980165E15;1591269.8700668016;-353790.6370149841
8.43317067966074E34;1.019526331469464E15;4.350475072057256E15;814899.530987255;-183396.5938195332
