mass;r_x;r_y;v_x;v_y
3.2439340757956715E34;-1.0117242767278118E15;-5.215328550311664E15;-254561.29930729084;51475.30282886083
7.075341173695873E34;-3.1751154462469685E15;-3.7432129946678505E15;-161267.49338602816;135693.9405418602
2.917050506747643E34;-3.4137932858194945E15;-4.3432977037477045E15;-274643.0901778787;214659.50138609248
