mass;r_x;r_y;v_x;v_y
9.264490848864897E34;6.36904127297295E15;-1.0582050852174765E15;-69985.02720500481;-378677.3810340973
8.478747233361118E34;5.800089699596559E15;-1.3414670416467112E15;-56406.66397436246;-223362.51671716518
