mass;r_x;r_y;v_x;v_y
9.306568603033132E34;2.6262583734901385E15;-2.0517076403740482E15;-207110.00649991896;-245782.91172222592
5.99395034421454E34;2.747165717843961E15;-1.2152935922150625E15;-68652.55385643049;-139285.62466940528
6.452973460651394E33;2.2225390967228775E15;-5.792258199216329E14;-43525.75376540938;-136886.39854646986
7.1422477653983E34;2.071909077401773E15;-2.1009796043952102E15;-162636.24170973117;-147864.5186742359
4.546060731033107E34;3.035001828361253E15;-7.606142964219496E14;-77054.83587800845;-263827.6448058967
3.8666968152159236E34;2.772283274870115E15;-4.689868232139368E14;-51587.860470162625;-242535.46858120942
