mass;r_x;r_y;v_x;v_y
3.3361033558655685E33;6.070524235686991E14;9.332966525843629E14;110662.22581197624;-72657.61665864871
6.061704163124121E34;-2.6771371614381628E14;9.381249028453095E13;-3557.6482551509584;89871.66181070413
2.172755830073302E34;3.627371851204495E14;1.2634511763818032E15;157623.62441275778;-40647.44679155794
8.4252170741699E34;-1.3124288797177853E14;8.816597922008554E14;106188.01788020674;26831.422419944956
