mass;r_x;r_y;v_x;v_y
1.9196772222502658E34;2.305412760491604E15;1.9924446000406002E15;310277.9626709877;-368767.4327983462
8.241827437366559E34;2.879544102237134E15;1.5745598147518468E15;197683.78374366186;-379182.908090189
7.049323620253339E34;2.7479215426396895E15;1.869783017120416E15;381657.41380582214;-580970.1458505052
2.102078821065282E34;2.908200140543268E15;1.3885431217428425E15;320287.0943635102;-710684.3982549054
9.763876487050569E34;2.865754129777884E15;1.9855057219662285E15;493979.3687561939;-736613.1363460188
4.591914538466408E32;3.218661892732833E15;2.2835373081239535E15;288739.4114554194;-418423.2879133322
3.025224067527284E34;1.4889927008758015E15;1.6498388295625702E15;32870.465599678675;-30348.23536654435
4.17689152294752E34;2.556315583685003E15;1.8683089052036855E15;430360.5668637762;-608839.5029691696
