mass;r_x;r_y;v_x;v_y
1.9052068971552774E34;-4.4988071221642255E15;2.209111646632017E15;123552.31667245517;268205.63366880623
1.9540770125606147E34;-3.80157419575146E15;3.2317453679948805E15;170169.72548033306;210539.4535068828
4.837329945169698E34;-3.151795474575027E15;4.854395581844839E15;191065.1725869971;129443.29330759545
