mass;r_x;r_y;v_x;v_y
3.016399062882864E34;6.566751980026534E13;2.5048687962936685E15;168589.51082917769;-81.65527904987073
6.902202287616304E34;-2.643177450722753E14;2.8566080698473225E15;235593.5200998241;28174.105090042416
4.578089136327555E34;9.839921010041656E14;2.2434648471350682E15;127294.17427418513;-54783.59341959384
5.046809845658366E34;-8.687820060527875E14;1.9086202325617218E15;138047.17189674044;71510.73622727253
2.548870454514545E34;4.407763472935014E14;3.5712930504171105E15;198858.49841643957;-21598.56266147693
