mass;r_x;r_y;v_x;v_y
1.6955603245142085E34;-3.2977812684172215E15;8.006651456294274E14;37211.840812565024;180361.31232109494
4.457824475108344E34;-3.4351792144483715E15;-8.573996763965328E13;-26172.429626746292;475316.67591845867
8.234575155777918E34;-3.432553167491489E15;2.7417092952310244E14;17102.761945258113;357696.0956216818
9.70370330037066E34;-3.727712062315539E15;4.1351372936065456E14;42149.77871960075;521419.4836347645
9.541049183379436E33;-4.1723708540538635E15;1.1338330132940472E15;85798.59410514495;354006.18460954126
4.315639676093611E34;-3.359568187530481E15;1.1506140489544865E15;104765.93705449729;343722.73571182933
